Rice,0.17787809,-0.823407041,0.000612558,-0.487904071,1.195059328,0.34
Rice,0.281144505,-0.775721194,0.053482136,-0.069551406,1.031411106,0.34
Rice,-0.834345837,1.475531718,0.449821665,0.400915072,-1.086309786,0.25
Rice,-0.098968035,-0.785469578,0.046463244,0.293069792,1.290996348,0.34
Rice,-0.692375221,1.794303889,0.753668602,-0.010031175,-1.064693269,0.25
Rice,-0.173663117,-0.707157556,0.134153821,0.112186957,0.920138314,0.34
Rice,-0.658729577,-0.107713149,-0.741311705,0.204412759,-0.704899756,0.416
Rice,-0.451591841,0.725448775,-0.122628252,0.471508265,-0.502289137,0.25
Rice,0.340620021,-0.715849866,-0.169846255,0.639924851,1.497929286,0.34
Rice,-0.357148815,1.15275296,0.353197953,0.434842825,-0.646407245,0.25
Rice,0.817866497,-0.795055489,-0.255713743,0.354178858,1.777957097,0.34
Rice,-0.844213659,-0.384242321,-1.049559578,-0.115138769,-0.799221675,0.416
Rice,-0.112245663,0.758268336,-0.088474505,0.048633528,-0.287208705,0.25
Rice,0.027843422,-0.775071301,-0.23310744,0.082854605,1.522678792,0.34
Rice,-0.919404124,-0.913124672,-0.925443685,1.107042551,-0.78724839,0.416
Rice,-0.510400359,0.765959811,-0.07279594,1.107042551,-0.707996444,0.25
Rice,0.556202026,-0.87807923,-0.352793227,1.109486914,1.539952685,0.34
Rice,-0.900545849,-0.359221468,-1.016671054,0.794164133,-0.589375402,0.416
Rice,-0.470477666,0.942837748,0.114129012,0.256404352,-0.441027881,0.25
Rice,0.039409112,-0.797248876,-0.258630685,-0.066251516,1.734718526,0.34
Rice,-0.335286223,0.992336795,0.174290946,0.539950419,-0.444432823,0.25
Rice,-0.296287403,-0.628926771,-0.066841732,1.185262155,1.292426867,0.34
Rice,-0.795097135,0.757186265,0.502326626,0.119520045,-1.04262514,0.25
Rice,1.453350116,-0.827793814,0.421381478,0.363956308,1.005415666,0.34
Rice,-0.808262375,1.112784584,0.90365048,1.9674582,-1.19277296,0.25
Rice,1.275704553,-0.838841983,0.408984474,0.938381529,1.386271946,0.34
Rice,-0.690507675,0.908825635,0.673941278,0.948158979,-0.442238131,0.25
Rice,1.153226017,-0.978893773,0.252016519,3.53185029,1.286781703,0.34
Rice,1.359725989,-0.913254651,0.326216237,1.896571684,1.088724131,0.34
Rice,-0.848342445,0.811127326,0.564191325,0.872383738,-1.015225022,0.25
Rice,0.596842014,-0.956472489,0.277995536,2.170340299,1.321175671,0.34
Rice,-0.702690068,1.107260499,0.896598772,0.933492804,-0.98423538,0.25
Rice,0.465276391,-0.854358161,0.392576674,2.331668234,1.02318178,0.34
Rice,-0.660307306,1.338079497,0.508280834,1.05082221,-0.995556472,0.25
Rice,0.005525886,-0.525756369,0.30351878,0.794164133,1.014029539,0.34
Rice,-0.646636489,1.763976665,0.987147952,0.256404352,-1.226367068,0.25
Rice,0.350554653,-0.56702453,0.252745754,-0.066251516,1.315592035,0.34
Rice,-0.552215957,1.468493384,0.654492565,0.539950419,-0.715174877,0.25
Rice,-0.017368755,-0.645499025,0.171891761,1.185262155,1.138007796,0.34
Rice,-0.618879254,1.401554477,0.582422214,0.119520045,-1.255141714,0.25
Rice,0.198812259,-0.662558697,0.149741231,0.363956308,1.068973749,0.34
Rice,-0.7233142,1.511925686,0.70396026,1.9674582,-1.061965132,0.25
Rice,-0.15260089,-0.624458762,0.193221901,1.171573725,1.304501672,0.34
Rice,-0.66433154,1.683065074,0.897572302,1.234638281,-1.042543308,0.25
Rice,-0.289444286,-0.52291309,0.309808437,0.734619459,0.879483906,0.34
Rice,-0.752540736,0.757618444,-0.442981436,1.687823114,-1.433018209,0.416
Rice,0.100763379,0.187013007,0.476529918,1.8110801,0.889051459,0.34
Rice,0.83694719,0.271336533,0.567319746,2.740292336,1.299733278,0.34
Rice,-0.716428284,2.542115458,1.308616866,-0.588367376,-1.03813362,0.25
Rice,0.134530342,0.02648961,0.295132571,0.051077891,1.164095528,0.34
Rice,-0.889155396,0.46516691,-0.766032791,0.315069056,-1.66009223,0.416
Rice,0.234984528,0.145582373,0.425665737,-0.877779913,0.906909865,0.34
Rice,-0.920364562,0.490577699,-0.741676323,0.637724924,-1.55756252,0.416
Rice,0.086025718,0.152893662,0.436421962,0.043744803,1.32357525,0.34
Rice,-0.194335693,0.171740538,0.459575191,0.307735968,0.793745097,0.34
Rice,-0.069838975,-0.143213516,0.454379388,-0.210468912,0.870162464,0.34
Rice,0.237073901,-0.129565778,0.46960218,0.043744803,1.251510966,0.34
Rice,0.00543574,-0.306580192,0.268880091,0.872383738,1.117519081,0.34
Rice,0.050222459,-0.231273922,0.354838733,2.170340299,0.9291675,0.34
Rice,-0.134226203,-0.246546391,0.339889404,0.933492804,1.240220638,0.34
Rice,-0.306283536,-0.172377433,0.423569185,2.331668234,0.823262997,0.34
Rice,-0.676578551,0.519000739,0.711861527,0.794164133,-0.789254192,0.25
Rice,2.596228682,-0.75890523,0.547448077,0.256404352,1.246927154,0.34
Rice,-0.507454512,0.830949041,1.066754953,-0.066251516,-0.831851644,0.25
Rice,3.313949345,-0.854358161,0.439338904,0.539950419,1.543459762,0.34
Rice,-0.30661632,0.497768757,0.696667904,1.185262155,-0.23503324,0.25
Rice,1.787933703,-0.865731277,0.427853444,0.119520045,1.377211997,0.34
Rice,-0.561427143,0.471558601,0.663487686,0.363956308,-0.776682243,0.25
Rice,2.369335419,-0.948836254,0.334237829,0.794164133,1.299502549,0.34
Rice,-0.449881588,0.586479056,0.796208558,0.256404352,-0.596713807,0.25
Rice,1.882081858,-0.88043509,0.411719107,-0.066251516,1.457059531,0.34
Rice,-0.429897747,0.786431419,1.017411228,0.539950419,-0.620873262,0.25
Rice,1.07972053,-0.756224425,0.547903849,1.185262155,1.135885091,0.34
Rice,-0.724826216,-0.076258362,-0.746416354,0.119520045,-1.118304174,0.416
Rice,-0.578726224,0.730647913,0.016046829,0.363956308,-0.956322122,0.25
Rice,0.17014404,-0.981899525,-0.104670827,0.794164133,1.162341989,0.34
Rice,-0.857145866,-0.318928146,-1.019879691,0.256404352,-1.220464718,0.416
Rice,0.660127266,-1.03738408,-0.16419468,-0.066251516,1.463489173,0.34
Rice,-0.575302938,1.130656622,0.464041759,0.539950419,-1.116991789,0.25
Rice,-0.902525698,-0.36071622,-1.065238143,1.185262155,-1.258144264,0.416
Rice,0.118684807,-1.074590414,-0.209863057,0.119520045,1.26197067,0.34
Rice,-0.418470815,0.802028834,0.100273536,0.363956308,-0.608219482,0.25
Rice,-0.924511293,-0.256538485,-0.946372746,-0.323325135,-1.195927483,0.416
Rice,-0.563274974,0.77061629,0.060774492,-0.288908509,-1.123185164,0.25
Rice,0.437965423,-1.120326584,-0.257627986,-0.546079902,1.215132731,0.34
Rice,-0.888703822,-0.236001889,-0.92369352,-0.439310142,-1.039684117,0.416
Rice,-0.582916259,0.885215048,0.192157217,0.10580717,-0.921026158,0.25
Rice,-0.047851695,-1.081089336,-0.211503837,-0.671157939,1.424557539,0.34
Rice,-0.567406035,1.025806248,0.349916393,-0.211471101,-0.898650391,0.25
Rice,-0.248712045,-0.94542432,-0.065292106,-0.351728629,1.022812614,0.34
Rice,-0.84871255,-0.247634961,-0.812266326,-0.787167389,-1.272381767,0.416
Rice,-0.622867091,0.927022619,0.661055685,0.308347058,-1.144248547,0.25
Rice,1.535859284,-1.049000904,0.029599672,-0.215724292,1.441354593,0.34
Rice,-0.913226994,-0.289358046,-0.863021121,-0.497999289,-1.313716056,0.416
Rice,-0.485928916,0.630671732,0.331320886,-0.069844729,-0.545584313,0.25
Rice,0.751170849,-1.090756484,-0.019350266,0.300476211,1.271307494,0.34
Rice,-0.579074509,0.585614699,0.274320188,0.408077054,-1.106675445,0.25
Rice,1.186424299,-1.124225938,-0.055538581,0.767740573,1.188352812,0.34
Rice,-0.647408798,0.670640108,0.368756194,-0.133813699,-0.950579744,0.25
Rice,0.438148243,-1.099286321,-0.026551467,0.095663065,1.385687433,0.34
Rice,-0.593509127,0.847628527,0.574520947,0.591404252,-0.933762386,0.25
Rice,0.132660016,-0.973369688,0.112641371,-0.098419328,1.030011352,0.34
Rice,-0.704097614,0.110715652,-0.461649866,0.729119643,-1.225202349,0.416
Rice,-0.773254173,0.50372827,0.622650494,2.307224607,-1.013235217,0.25
Rice,1.782718695,-0.838923219,0.509072055,0.427509737,1.139499842,0.34
Rice,-0.850518847,-0.113497191,-0.707548099,0.461730814,-1.31334689,0.416
Rice,-0.730348984,0.819575926,0.984595628,0.55950532,-1.132414315,0.25
Rice,1.869461371,-0.871661544,0.472427968,0.561949682,1.479055673,0.34
Rice,-0.623602837,0.598177117,0.72923921,0.354178858,-0.395107935,0.25
Rice,1.568772805,-0.961915337,0.371064225,1.05082221,1.360168832,0.34
Rice,-0.589355656,0.497768757,0.620947729,-0.500345877,-1.038748896,0.25
Rice,2.036703879,-0.943880825,0.390844739,0.098449639,1.19098312,0.34
Rice,-0.790120805,0.526906678,0.653643006,-0.419975234,-0.946006393,0.25
Rice,0.872510339,-0.958259692,0.374163476,0.262833026,1.414282418,0.34
Rice,-0.698688244,0.801486174,0.96441768,-0.109810058,-0.927999089,0.25
Rice,0.730557669,-0.850946227,0.494851962,-0.547204309,1.111550897,0.34
Rice,-0.870659391,-0.093220551,-1.021994474,-0.366419248,-1.389333563,0.416
Rice,-0.72909932,1.304177865,0.769226843,0.454324395,-1.17691974,0.25
Rice,0.791193293,-0.860450902,0.180916051,1.033980552,1.375227729,0.34
Rice,-0.507524691,1.061225378,0.492846564,0.368845034,-0.502904414,0.25
Rice,0.567744126,-0.96418996,0.069889936,0.879716825,1.243650806,0.34
Rice,-0.60274702,0.955728362,0.383096611,0.131741858,-1.123985024,0.25
Rice,0.843232159,-0.94120002,0.091220077,0.427509737,1.105675005,0.34
Rice,-0.873432865,0.089334195,-0.817152204,0.461730814,-1.238959936,0.416
Rice,-0.844469775,1.012376224,0.446784399,0.55950532,-0.997258942,0.25
Rice,0.166041119,-0.937869322,0.097783197,0.073077154,1.337618941,0.34
Rice,-0.661868691,1.263666829,0.732035829,0.855273199,-0.985650517,0.25
Rice,0.07464369,-0.847290583,0.196868079,1.05082221,0.985896012,0.34
Rice,-0.747715549,2.269050212,0.99395172,-0.107805681,-0.978533611,0.25
Rice,-0.811225156,0.832096101,-0.294946616,-0.559792777,-1.461850076,0.416
Rice,-0.083609459,0.223975632,0.58299831,-0.450651985,0.85930283,0.34
Rice,-0.887026704,2.269050212,1.603592652,0.579353544,-1.341157397,0.25
Rice,-0.925171805,0.832096101,-0.745030807,0.368845034,-1.681774581,0.416
Rice,0.403580916,0.223975632,0.607063084,-0.034474802,1.200381472,0.34
Rice,-0.949336076,0.423313846,-0.748968679,0.674390364,-1.770300593,0.416
Rice,-0.709528299,2.534531215,1.294396773,-0.230023813,-0.944283618,0.25
Rice,-0.086701394,0.059390408,0.399960184,0.61572566,1.04748521,0.34
Rice,-0.918661049,0.53015614,-0.632509759,0.955492067,-1.624652292,0.416
Rice,-0.734260998,2.414951032,1.160582047,-0.252023077,-1.457116752,0.25
Rice,0.081969133,0.125110766,0.473066049,1.185262155,0.882914074,0.34
Rice,-0.92513642,0.597225025,-0.558200655,2.077454519,-1.531400954,0.416
Rice,-0.872929057,2.526625275,1.285769916,1.456586408,-1.221260271,0.25
Rice,-0.075839182,0.148669362,0.496492742,1.864794969,1.239066994,0.34
Rice,-0.752012243,2.746506585,1.532736478,1.723021936,-1.210390793,0.25
Rice,-0.297382639,0.190262469,0.543801899,0.940825891,0.73537072,0.34
Rice,-0.636602444,-0.07729819,-0.218449806,1.185262155,-0.744597409,0.416
Rice,-0.66660348,0.217557945,0.269820805,2.590770673,-0.616218079,0.25
Rice,4.513704629,-1.156233133,0.097053961,2.097253856,1.392470859,0.34
Rice,-0.788075241,-0.275060416,-0.441887583,-0.500345877,-0.799258592,0.416
Rice,-0.366253313,0.545210895,0.633709351,0.098449639,-0.670813427,0.25
Rice,4.744870295,-1.246811872,-0.004400937,-0.419975234,1.66905312,0.34
Rice,-0.883692697,-0.336670205,-0.511164961,0.262833026,-0.821187053,0.416
Rice,-0.097364498,0.200335799,0.23773444,-0.109810058,-0.143541594,0.25
Rice,2.252831816,-1.242668809,-0.00139284,-0.547204309,1.484531636,0.34
Rice,-0.854010122,-0.246725111,-0.406300887,-0.366419248,-0.776148799,0.416
Rice,-0.506555829,0.19719357,0.243448001,0.454324395,-0.644787222,0.25
Rice,3.129452239,-1.336334536,-0.10330351,-0.188200768,1.432494609,0.34
Rice,-0.864278379,-0.239446318,-0.402800556,-0.24476332,-0.653265735,0.416
Rice,-0.286463981,0.31136015,0.373372255,-0.019221979,-0.419883282,0.25
Rice,2.999608523,-1.263709072,-0.027189548,-0.185487526,1.594250854,0.34
Rice,-0.27889562,0.470798227,0.550820791,0.728875207,-0.453292807,0.25
Rice,1.308934428,-1.121463895,0.136068064,0.163445241,1.239174668,0.34
Rice,-0.655912294,0.773323091,0.823190274,1.562965071,-1.135716505,0.25
Rice,2.114233516,-1.003670917,0.246638406,0.465690682,1.480839976,0.34
Rice,-0.538241843,0.512826762,0.536480374,1.470152621,-0.463526705,0.25
Rice,1.356297058,-1.058749289,0.181645287,0.020303365,1.333404295,0.34
Rice,-0.585219035,0.448919603,0.458207874,1.737223683,-1.063647299,0.25
Rice,0.925372317,-1.077596165,0.160406301,-0.046623284,1.223961951,0.34
Rice,-0.707994969,0.510984317,0.528458783,0.613110192,-0.943852924,0.25
Rice,0.855858543,-1.062973589,0.172620997,0.745643535,1.413482558,0.34
Rice,-0.624293678,0.732704822,0.777977669,1.545243441,-0.931178224,0.25
Rice,0.53286929,-0.944287008,0.309534974,1.545561209,1.094430823,0.34
Rice,-0.622600275,-0.32614195,0.032261381,0.008081552,-0.6033791,0.416
Rice,-0.737709559,-0.122660672,0.48603915,0.477032524,-0.508523736,0.25
Rice,2.589701076,-1.176379794,0.288022525,-0.352657487,1.096738111,0.34
Rice,-0.775451385,-0.492189432,-0.155370929,-0.366199256,-0.657954143,0.416
Rice,-0.497852917,0.134696677,0.767403754,0.056186609,-0.542610065,0.25
Rice,2.204262321,-1.251767301,0.203613508,-0.515109828,1.312854053,0.34
Rice,-0.898294718,-0.554644082,-0.217283029,-0.171847982,-0.660673666,0.416
Rice,-0.234229657,-0.126992204,0.469995967,-0.39770709,-0.048912037,0.25
Rice,1.463124674,-1.243156228,0.211270481,-0.160041711,1.166802745,0.34
Rice,-0.767075358,-0.478281737,-0.134004327,0.041691538,-0.615586189,0.416
Rice,-0.644783013,-0.142589619,0.456384786,0.408028167,-0.510390485,0.25
Rice,1.501933934,-1.326992334,0.120845272,-0.05354083,1.100460535,0.34
Rice,-0.866768776,-0.463009268,-0.118617457,0.120033361,-0.512884202,0.416
Rice,-0.647799124,-0.06601281,0.542554906,0.48778772,-0.255481346,0.25
Rice,-0.31080349,-1.268583264,0.180916051,0.079701377,1.230991488,0.34
Rice,-0.363728654,0.081837687,0.706512584,0.288449947,-0.327038027,0.25
Rice,0.906062467,-1.12065153,0.350645629,0.002850616,0.923691537,0.34
Rice,-0.620510902,-0.12701495,-0.795712678,0.455864344,-0.738616919,0.416
Rice,-0.548421892,0.918574019,0.005108295,-0.161092787,-0.517363416,0.25
Rice,0.359535586,-0.518770027,-0.091635741,-0.033497057,1.473610474,0.34
Rice,-0.806517327,-0.372284303,-1.071655416,0.455864344,-0.845453567,0.416
Rice,0.853198805,-0.592207856,-0.181514024,1.05021112,-0.702992398,0.34
Rice,-0.47790842,1.343821295,0.485433884,0.928604078,1.75760682,0.25
Rice,-0.273203202,-0.405103864,0.072806879,0.928604078,-0.400399315,0.25
Rice,0.052282345,-0.611298443,-0.194093338,1.093598556,1.469626558,0.34
Rice,-0.570329472,0.980313787,0.069404995,1.98579092,-0.778589601,0.25
Rice,0.588949576,0.982156232,-0.281419297,1.276925754,1.492130303,0.34
Rice,0.155529382,-0.593913824,-0.17978209,1.9860598,1.702108861,0.34
Rice,-0.58245289,1.160769381,0.269820805,2.965980339,-0.504216799,0.25
Rice,-0.425348306,1.196295744,0.311631526,2.626825022,-0.518286331,0.25
Rice,-0.210519908,-0.434121555,-0.000481295,3.445466514,1.289027463,0.34
Rice,-0.778050716,1.840771188,0.975844801,-0.192429516,-1.236068136,0.25
Rice,-0.364402646,-0.545740557,0.271705879,-0.715107579,1.30640903,0.34
Rice,0.01809835,-0.646717573,0.161773618,-0.444125537,1.155081724,0.34
Rice,-0.608303235,1.574100882,0.673696984,-0.166177061,-0.669377986,0.25
Rice,-0.624377927,1.48939717,0.582786832,-0.035159223,-1.245092399,0.25
Rice,0.201943791,-0.640056177,0.164781714,-0.454440747,1.063113239,0.34
Rice,-0.769564071,1.570740939,0.67916625,0.166891792,-1.079090744,0.25
Rice,-0.164846469,-0.613898012,0.196047689,-0.60039364,1.295887798,0.34
Rice,-0.697256013,1.787697734,0.917261662,0.263053019,-1.056530393,0.25
Rice,-0.263188113,-0.530305615,0.289025224,0.028051995,0.887005664,0.34
Rice,-0.598388824,-0.294427206,-0.608517909,-0.501128073,-0.584354744,0.416
Rice,-0.454164213,0.237704606,0.500259243,0.147654658,-0.412479042,0.25
Rice,1.559655388,-1.165737808,0.316645021,-0.877388814,1.554196341,0.34
Rice,-0.267802847,0.602619131,0.975844801,-0.491032856,-0.49812556,0.25
Rice,3.283111717,-1.25834746,0.271705879,-0.815253116,1.821118758,0.34
Rice,-0.836095434,-0.557763565,-0.953154637,-0.333322578,-0.652539708,0.416
Rice,0.008510825,0.22893106,0.673696984,-0.466198131,-0.06997542,0.25
Rice,1.167750529,-1.231701876,0.161773618,-0.791273919,1.595466026,0.34
Rice,-0.869623129,-0.445722133,-0.85726016,-0.480962082,-0.638474483,0.416
Rice,-0.48447419,0.257201375,0.582786832,-0.054494132,-0.5182045,0.25
Rice,2.033399637,-1.339096578,0.164781714,-1.075773286,1.591758984,0.34
Rice,-0.876666338,-0.503432569,-0.746343431,-0.669397997,-0.463723593,0.416
Rice,-0.281324797,0.385772818,0.67916625,-0.260113917,-0.253306958,0.25
Rice,1.198010209,-1.264521437,0.196047689,-0.712321005,1.756591613,0.34
Rice,-0.226869083,0.478707416,0.917261662,0.000284035,-0.278779414,0.25
Rice,0.418796268,-1.095874386,0.289025224,-0.391449522,1.354123738,0.34
Rice,-0.498825149,0.002378606,0.031094604,-0.289812923,-0.508195793,0.416
Rice,-0.485518876,0.216690339,0.431226159,0.094709764,-0.34084053,0.25
Rice,2.876905605,-0.982630654,0.240531059,-0.638232374,1.553965612,0.34
Rice,-0.710552766,-0.192524094,-0.188478224,-0.548768701,-0.57273832,0.416
Rice,-0.166372806,0.547485518,0.806417856,-0.354784082,-0.408008442,0.25
Rice,4.499259873,-1.068660146,0.145183508,-0.581034288,1.790031902,0.34
Rice,-0.829950318,-0.251014401,-0.251921718,-0.323325135,-0.566450192,0.416
Rice,0.226541945,0.210191416,0.421261155,-0.288908509,0.053059617,0.25
Rice,1.920202804,-1.048919668,0.167425193,-0.546079902,1.595958247,0.34
Rice,-0.762967381,-0.145991806,-0.133712633,-0.439310142,-0.5428974,0.416
Rice,-0.455720038,0.236947482,0.458328198,0.10580717,-0.408254552,0.25
Rice,2.678874333,-1.147540824,0.055487534,-0.671157939,1.566978715,0.34
Rice,-0.849622439,-0.190119492,-0.183154804,-0.211471101,-0.385915701,0.416
Rice,-0.012935577,0.335945575,0.569172004,-0.351728629,-0.113495787,0.25
Rice,2.12987896,-1.077758638,0.134791902,-0.787167389,1.715521893,0.34
Rice,-0.027682506,0.439713878,0.679286574,0.308347058,-0.173957183,0.25
Rice,1.188239863,-0.904968524,0.329042025,-0.215724292,1.337065192,0.34
Rice,-0.714897734,2.039855945,0.831820777,-0.497999289,-1.000683572,0.25
Rice,-0.21829187,-0.006736134,0.547448077,-0.477466643,0.874577074,0.34
Rice,-0.833612871,2.531392235,1.386280454,-0.457960629,-1.323683539,0.25
Rice,0.126484571,-0.018352958,0.528761415,-1.124660539,1.169371526,0.34
Rice,-0.644827917,2.238722988,1.058004126,-0.839378975,-0.87291152,0.25
Rice,-0.233625172,-0.158242275,0.37097307,-0.870251276,1.008122883,0.34
Rice,-0.676985726,2.146220568,0.951171116,-0.540971184,-1.408858139,0.25
Rice,-0.060811705,-0.133871314,0.401054037,-0.894132699,0.89812679,0.34
Rice,-0.827344752,2.254213171,1.075750073,-0.470720202,-1.181493092,0.25
Rice,-0.253785935,-0.092603153,0.450003974,-1.054140677,1.200181507,0.34
Rice,-0.740734094,2.461528813,1.301204187,-0.452998573,-1.175155742,0.25
Rice,-0.380329902,-0.042967629,0.503147016,-0.655782898,0.721850014,0.34
Rice,-0.779213351,-1.636152599,-0.689853198,0.58343563,-1.289023156,0.25
Rice,2.356714933,-2.505328304,-0.850861118,-0.732071456,0.434884959,0.34
Rice,-0.643819795,-1.402405836,-0.425990247,0.085934502,-1.316361746,0.25
Rice,2.605748809,-2.581121994,-0.938642849,-0.696603754,0.695147005,0.34
Rice,-0.50726352,-1.659548721,-0.714038295,0.238340512,-0.783798534,0.25
Rice,1.619048341,-2.604761826,-0.959699526,-0.795380448,0.572168574,0.34
Rice,-0.639042882,-1.702548845,-0.762897078,0.260486438,-1.250793553,0.25
Rice,2.08855487,-2.65626579,-1.020134923,-0.763628177,0.49393614,0.34
Rice,-0.636644568,-1.60398293,-0.648892036,0.279381361,-1.14496596,0.25
Rice,1.665143446,-2.608336233,-0.961340306,-0.296021604,0.621544529,0.34
Rice,-0.588906356,-1.408365349,-0.433038309,0.394266405,-1.155508111,0.25
Rice,0.937647383,-2.517270075,-0.867177764,-0.48668189,0.38387852,0.34
Rice,-0.690784602,-0.157884835,-0.872282413,-0.167130362,-0.879343008,0.416
Rice,-0.504227779,0.657642262,-0.215726111,0.342983677,-0.692840333,0.25
Rice,0.503495908,-0.98059974,-0.252705646,-0.490055111,1.357246268,0.34
Rice,-0.838671765,-0.398994877,-1.146037443,-0.625761236,-0.975486146,0.416
Rice,-0.443046221,1.07400876,0.254995446,0.036925031,-0.837881356,0.25
Rice,1.303062701,-1.051519237,-0.333377331,-0.706845633,1.645180384,0.34
Rice,-0.875579527,-0.441042908,-1.186655864,-0.254711876,-0.991003424,0.416
Rice,-0.242738797,0.700320689,-0.169419652,-0.069844729,-0.405936805,0.25
Rice,0.317851754,-1.056555902,-0.339484678,0.300476211,1.421327336,0.34
Rice,-0.923296424,-0.328416573,-1.064727678,0.408077054,-0.956068013,0.416
Rice,-0.520984887,0.69717846,-0.167111622,0.767740573,-0.872685714,0.25
Rice,0.861194026,-1.133243193,-0.425990247,-0.133813699,1.404161116,0.34
Rice,-0.895158973,-0.357726716,-1.096595272,0.095663065,-0.784331979,0.416
Rice,-0.490672129,0.839504873,-0.010810917,0.591404252,-0.635311961,0.25
Rice,0.243733777,-1.073290629,-0.359082884,-0.098419328,1.604572121,0.34
Rice,-0.443518015,0.941213017,0.105502155,0.729119643,-0.635332265,0.25
Rice,-0.140959797,-0.921378305,-0.189444461,0.759356409,1.179646647,0.34
Rice,2.409303101,-0.524131638,0.64388948,2.131230497,1.938944247,0.34
Rice,0.783337082,-0.521532069,0.650999527,2.114119959,1.457797863,0.34
Rice,1.595977982,-0.571411303,0.597218404,0.231960726,1.553165752,0.34
Rice,1.330569849,-0.588146029,0.569598607,1.727910661,1.711907142,0.34
Rice,0.856437453,-0.474089931,0.702410634,1.185262155,1.523632471,0.34
Rice,1.743394314,0.495604616,0.621283177,2.077454519,0.435207979,1
Rice,2.409303101,0.261750621,0.64388948,1.456586408,1.788816731,0.34
Rice,0.783337082,0.288071259,0.650999527,1.864794969,1.359968867,0.34
Rice,1.595977982,0.197005101,0.597218404,1.723021936,1.440754698,0.34
Rice,1.330569849,0.228606114,0.569598607,0.940825891,1.610140375,0.34
Rice,0.856437453,0.379949783,0.702410634,1.185262155,1.369013435,0.34
Rice,1.743394314,0.568038362,1.132995065,2.590770673,0.422717862,1
Rice,2.409303101,0.572074193,1.295643766,2.097253856,1.789247424,0.34
Rice,0.783337082,0.550221565,1.266292034,2.334112596,1.289827323,0.34
Rice,1.595977982,0.476540025,1.183797261,1.566643836,1.379657722,0.34
Rice,1.330569849,0.517320767,1.236393376,2.495856072,1.547628262,0.34
Rice,0.856437453,0.639175573,1.366288461,1.855995264,1.446722882,0.34
Rice,1.743394314,0.34967455,1.353771132,1.454142046,0.637264849,1
Rice,2.409303101,0.350542156,1.480504981,0.78194232,1.862649935,0.34
Rice,0.783337082,0.346074147,1.472301081,2.327268381,1.411036834,0.34
Rice,1.595977982,0.260207127,1.37795623,2.810763311,1.494652938,0.34
Rice,1.330569849,0.261588148,1.37959701,0.794164133,1.635612831,0.34
Rice,0.856437453,0.37158242,1.503020129,0.256404352,1.532061761,0.34
Rice,1.743394314,-0.136633356,0.978546619,-0.066251516,0.738970088,1
Rice,2.409303101,-0.2890331,1.05891567,0.539950419,1.737502653,0.34
Rice,0.783337082,-0.296425625,1.05071177,1.185262155,1.333758079,0.34
Rice,1.595977982,-0.353453674,0.987085967,0.119520045,1.412267387,0.34
Rice,1.330569849,-0.392122266,0.943605297,0.363956308,1.544797989,0.34
Rice,0.856437453,-0.300406215,1.046245203,1.9674582,1.393993669,0.34
Rice,1.743394314,0.669639274,0.86181059,0.938381529,0.391954027,1
Rice,2.409303101,0.463460943,0.99328447,0.948158979,1.774849949,0.34
Rice,0.783337082,0.477189918,1.007595718,3.53185029,1.348709303,0.34
Rice,1.595977982,0.388398383,0.907872754,2.378111124,1.426910973,0.34
Rice,1.330569849,0.435921757,0.962200804,1.994346189,1.597158037,0.34
Rice,0.856437453,0.584828329,1.128557667,1.143707991,1.370920792,0.34
Rice,1.743394314,0.461023847,1.461574026,0.623058748,0.548111254,1
Rice,2.409303101,0.579385481,1.61541356,-0.183580923,1.805306146,0.34
Rice,0.783337082,0.546972103,1.578313701,-1.149104166,1.356954011,0.34
Rice,1.595977982,0.471990779,1.496821627,2.307224607,1.43595554,0.34
Rice,1.330569849,0.497174106,1.525717586,0.427509737,1.593466377,0.34
Rice,0.856437453,0.603593969,1.645312219,0.461730814,1.496560296,0.34
Rice,1.743394314,-0.314596613,0.610738431,0.55950532,0.755397976,1
Rice,2.409303101,-0.707238793,0.55346427,0.073077154,1.936360085,0.34
Rice,0.783337082,-0.699277612,0.563947031,0.855273199,1.461489523,0.34
Rice,1.595977982,-0.727547927,0.532316439,1.05082221,1.559872269,0.34
Rice,1.330569849,-0.737052602,0.51982828,0.625503111,1.720767127,0.34
Rice,0.856437453,-0.604637047,0.668683489,0.156185484,1.464935073,0.34
Rice,1.743394314,0.687186366,0.858313905,2.131230497,0.106465635,1
Rice,2.409303101,0.830406381,1.266109725,2.114119959,1.582575979,0.34
Rice,0.783337082,0.698315772,1.119168759,0.231960726,1.106720975,0.34
Rice,1.595977982,0.718462433,1.142686606,1.727910661,1.175201272,0.34
Rice,1.330569849,0.873705455,1.319161612,1.185262155,1.361691642,0.34
Rice,0.856437453,1.020418641,1.478590738,2.077454519,1.276598873,0.34
Rice,1.743394314,0.239384578,0.852450851,1.456586408,0.543004458,1
Rice,2.409303101,0.056189688,0.977423596,1.864794969,1.865049514,0.34
Rice,0.783337082,0.030323975,0.976603206,1.723021936,1.376704393,0.34
Rice,1.595977982,-0.040709253,0.879979494,0.940825891,1.467088541,0.34
Rice,1.330569849,-0.016208314,0.903588495,-1.259100484,1.632290337,0.34
Rice,0.856437453,0.068537642,1.045698276,2.590770673,1.500805705,0.34
Rice,1.743394314,0.399121606,0.435904205,2.097253856,0.297878218,1
Rice,2.409303101,0.363296293,0.702410634,2.334112596,1.745501251,0.34
Rice,0.783337082,0.305537115,0.63732636,1.727910661,1.294626481,0.34
Rice,1.595977982,0.266299867,0.59366338,1.185262155,1.360214978,0.34
Rice,1.330569849,0.377268977,0.718089199,2.077454519,1.542275355,0.34
Rice,0.856437453,0.521220121,0.880799884,1.456586408,1.397685329,0.34
Rice,1.743394314,0.336056057,0.233359027,1.864794969,0.291356285,1
Rice,2.409303101,0.215851978,0.524386002,1.723021936,1.749562077,0.34
Rice,0.783337082,0.152731189,0.455017469,0.940825891,1.33744974,0.34
Rice,1.595977982,0.115687328,0.412630652,1.185262155,1.397562274,0.34
Rice,1.330569849,0.233886489,0.546627687,1.43947587,1.580791677,0.34
Rice,0.856437453,0.389535694,0.720732678,1.57880454,1.377873419,0.34
Rice,-0.571376939,0.038512617,-0.459808546,-0.42190628,-0.519313843,0.25
Rice,-0.85608096,-1.504494168,-0.817772054,-0.65289855,-1.291972177,0.416
Rice,-0.305761193,-0.63363849,0.234514865,-0.765339231,-0.476632098,0.25
Rice,-0.433860226,0.796394268,1.396369428,-0.70911889,-0.333106501,0.25
Rice,-0.802817115,-1.800682582,-1.223409337,-0.998531427,-0.954714404,0.416
Rice,-0.545967468,-0.538916688,0.276810528,-0.440239,-0.752122243,0.25
Rice,-0.12948299,0.234780091,1.259273142,-0.970665693,-0.294651707,0.25
Rice,-0.808118056,-1.470699768,-1.592584841,-0.462238264,-1.296660586,0.416
Rice,0.090958491,-0.58554646,0.821002568,-1.075773286,-0.18089935,0.25
Rice,-0.255505034,0.404726927,1.33924476,-0.934000253,-0.526635636,0.25
Rice,-0.825798532,-1.400917583,-1.248932581,-0.491570615,-0.808955352,0.416
Rice,-0.538524077,-0.611054733,0.122941824,-1.111442875,-0.67918119,0.25
Rice,-0.491413773,0.505677947,1.245902608,-0.372664201,-0.25209917,0.25
Rice,0.860926115,-0.58554646,-0.330825006,-0.568421377,-0.56255549,0.25
Rice,-0.656878628,0.038512617,0.001462117,-0.566429221,-0.889624281,0.25
Rice,-0.85262507,-1.504494168,-1.992661703,-0.137425605,-1.495222684,0.416
Rice,-0.343551041,-0.63363849,-0.859156172,-1.024330564,-0.812080958,0.25
Rice,-0.531746252,0.796394268,0.135641461,-0.091346973,-0.722312087,0.25
Rice,-0.806817253,-1.800682582,-2.009069503,-1.02635465,-1.201821834,0.416
Rice,-0.551730093,-0.538916688,-0.795712678,-0.883972298,-1.052438803,0.25
Rice,-0.30409475,0.234780091,0.071348408,-0.354034477,-0.696821173,0.25
Rice,-0.819560743,-1.470699768,-2.325922355,-0.461695072,-1.502199922,0.416
Rice,0.078957234,-0.58554646,-0.338117362,-0.855674372,-0.554803004,0.25
Rice,-0.388710983,0.404726927,0.107810186,-0.265320409,-0.89017803,0.25
Rice,-0.833776904,-1.400917583,-2.03750969,-0.719149206,-1.07847116,0.416
Rice,-0.558406819,-0.611054733,-0.944659042,-0.307784408,-0.992541616,0.25
Rice,-0.5707139,0.505677947,0.0199373,-0.350644494,-0.674609684,0.25
Rice,0.310220488,-0.284971273,0.000977176,-0.768481983,-0.359791052,0.25
Rice,-0.502194263,1.398629962,0.57658833,-0.280006815,-0.546527532,0.25
Rice,-0.884043173,-1.20229425,-2.224193994,-0.958505762,-1.235969691,0.416
Rice,-0.658574559,-0.266936762,-0.540115613,-1.055027542,-0.378895394,0.25
Rice,-0.585219035,2.231141994,0.943999084,-1.049210181,-0.602517712,0.25
Rice,-0.833409579,-1.402136131,-2.188826069,-0.373459013,-0.99839905,0.416
Rice,-0.797155588,-0.116324222,-0.400102385,-0.373459013,-0.799836952,0.25
Rice,-0.447798113,1.796364048,0.85114552,-1.028004624,-0.720773895,0.25
Rice,-0.826516333,-1.135761526,-2.565749702,-0.01302552,-1.246490923,0.416
Rice,-0.339085849,-0.167828187,0.04637209,-0.926841763,-0.375203733,0.25
Rice,-0.420068427,1.894062357,0.877033382,-1.36498312,-0.734063872,0.25
Rice,-0.853878693,-0.999771563,-2.16649323,-0.037071937,-0.83067462,0.416
Rice,-0.539202281,-0.370919529,-0.69835973,-1.197991418,-0.916401123,0.25
Rice,-0.633636882,2.044512423,0.86755332,-1.147850646,-0.637816137,0.25
Rice,0.372311933,-0.086266703,0.371064225,-0.456005139,-0.264576982,0.25
Rice,-0.487560227,1.468925562,0.8609902,-0.412930886,-0.432559828,0.25
Rice,-0.902921668,-1.034053382,-1.896129145,-0.937708941,-1.207802324,0.416
Rice,-0.592456016,-0.118436372,-0.235112838,-0.832539168,-0.388678293,0.25
Rice,-0.565136622,2.255402473,1.149523189,0.039942461,-0.446625053,0.25
Rice,-0.846899514,-1.270695414,-1.893212202,-0.284998912,-0.943048758,0.416
Rice,-0.771173225,0.031038856,-0.112418955,-0.834674517,-0.772180264,0.25
Rice,-0.374178047,1.741880327,1.019354641,-0.066818958,-0.479111663,0.25
Rice,-0.824821245,-0.994897371,-2.301675273,-0.529883343,-1.224968544,0.416
Rice,-0.291417816,-0.028263816,0.33733708,-0.684846798,-0.309215307,0.25
Rice,-0.345474444,1.882257063,1.073318073,-0.496098697,-0.590316775,0.25
Rice,-0.867880862,-0.891402022,-1.922017007,-0.222731465,-0.809804434,0.416
Rice,-0.550651707,-0.189274632,-0.342128157,-0.69741168,-0.804789929,0.25
Rice,-0.579302234,1.98678249,1.00063881,-0.412579107,-0.39414195,0.25
Rice,0.408269367,-0.005030166,0.139714242,-0.887557363,-0.267776421,0.25
Rice,-0.483549979,1.573233276,0.662273509,-0.409285561,-0.339794559,0.25
Rice,-0.903285623,-1.00781398,-2.184450656,-0.844781017,-1.150520063,0.416
Rice,-0.582603106,-0.072131546,-0.454065816,-0.798353012,-0.250917839,0.25
Rice,-0.620336507,2.328515357,0.932331315,0.082423247,-0.442545769,0.25
Rice,-0.864072811,-1.247949184,-2.18208064,-0.211276404,-0.892349957,0.416
Rice,-0.793452849,0.079618305,-0.309859484,0.035556188,-0.765719858,0.25
Rice,-0.502674482,1.802213078,0.792318087,-0.444038207,-0.523251614,0.25
Rice,-0.843559887,-1.007895217,-2.585985988,-0.110682253,-1.172411608,0.416
Rice,-0.294366528,0.023890041,0.059680639,-0.703768965,-0.349946625,0.25
Rice,-0.419990075,1.962086583,0.863907142,-0.566412555,-0.572719861,0.25
Rice,-0.873577773,-0.896357451,-2.22492323,-0.26685221,-0.799209369,0.416
Rice,-0.483581151,-0.164091306,-0.546131806,-0.442228797,-0.809312213,0.25
Rice,-0.631912307,2.064984031,0.775910287,-0.374679574,-0.388789043,0.25
Rice,0.214522153,0.42075652,0.176967241,-0.374679574,0.210219746,0.25
Rice,0.308185877,-0.03638747,0.19586538,-1.283356083,-0.074671827,0.25
Rice,-0.925867701,-1.190839898,-2.238414088,-0.945104643,-0.817077005,0.416
Rice,-0.026345476,0.984323623,0.210512077,-0.928839932,0.262561335,0.25
Rice,-0.375599326,-0.071644127,-0.061190156,-1.038496756,0.208232402,0.25
Rice,-0.874770738,-1.498076481,-2.305594914,-1.333653545,-0.704432146,0.416
Rice,-0.009344046,0.203585261,-0.084828327,-1.607062695,0.141800976,0.25
Rice,-0.807021136,-0.15109346,-0.250244476,-1.202744346,-0.215539428,0.25
Rice,-0.906377558,-1.346814049,-2.72627268,-0.898235368,-0.732451847,0.416
Rice,0.182574967,0.476107847,0.079490323,-0.898235368,0.17391842,0.25
Rice,-0.332805093,-0.142969806,0.027958892,-1.197448227,0.017650443,0.25
Rice,-0.89231473,-1.300834169,-2.49045613,-0.890735035,-0.60729226,0.416
Rice,-0.43060965,-0.282371704,-0.329731153,-1.168515281,-0.453159292,0.25
Rice,-0.002300838,0.526039072,-0.11071619,-0.953410627,0.275131438,0.25
Rice,0.143812044,-0.24462271,-0.697995113,-1.238916585,0.320969553,0.25
Rice,0.210128572,-0.457517678,-0.666820292,-0.955575919,-0.056059706,0.25
Rice,-0.906766788,-1.976397212,-3.149593925,-0.928839932,-0.653487235,0.416
Rice,-0.085993703,0.508816926,-0.349540837,-1.039622449,0.082980523,0.25
Rice,-0.686010216,-0.532417765,-0.928251242,-1.344653177,0.565892751,0.25
Rice,-0.869318148,-2.238141334,-3.18988419,-0.982599934,-0.493699874,0.416
Rice,-0.27032189,-0.437101311,-0.915916223,-1.083513768,-0.098956798,0.25
Rice,-0.930795419,-0.522831854,-1.006279447,-1.221961737,-0.169147565,0.25
Rice,-0.911296009,-1.936672545,-3.380214672,-0.887557363,-0.603760571,0.416
Rice,-0.083230339,-0.198698071,-0.769580522,-1.101393828,0.013066631,0.25
Rice,-0.426898486,-0.491637023,-0.809021227,-0.961159838,-0.107035381,0.25
Rice,-0.919186762,-1.934966578,-3.234914486,-1.2391492,-0.595245142,0.416
Rice,-0.228736629,-0.111180325,-0.891242537,-1.148425176,0.086389156,0.25
Rice,-0.366833227,-0.751431469,-1.177285187,-1.172439387,-0.475586128,0.25
Rice,0.263668754,0.159880004,0.470057952,-0.375987182,-0.168132358,0.25
Rice,-0.326639758,1.067942015,0.298260992,-0.588937727,-0.002949021,0.25
Rice,-0.911636375,-0.994328715,-1.990473996,-1.189232452,-0.977258142,0.416
Rice,-0.462670572,0.09147884,0.009181076,-1.027374906,-0.018404772,0.25
Rice,-0.501388843,1.89265534,0.611347343,-1.173195952,-0.022619418,0.25
Rice,-0.884304344,-1.34868249,-2.107880922,-1.177350134,-0.800403006,0.416
Rice,-0.797159801,0.04923584,-0.092729594,-1.165325845,-0.46100407,0.25
Rice,-0.429425953,1.052562314,0.219018609,-0.422239602,-0.108407449,0.25
Rice,-0.908763487,-1.11220293,-2.479335287,-0.391274148,-0.937757378,0.416
Rice,-0.365700079,0.096353032,0.307985348,-0.990709466,-0.14616698,0.25
Rice,-0.319599076,1.451810649,0.535627168,-0.177136694,-0.134845889,0.25
Rice,-0.893084765,-1.032591124,-2.187276444,-0.378858338,-0.71051108,0.416
Rice,-0.485472539,-0.054746927,-0.16911702,-0.990709466,-0.608455132,0.25
Rice,-0.485912319,1.485497816,0.366809135,-0.177136694,0.016432195,0.25
Rice,0.186324043,0.041599606,-0.157084633,-1.275861828,-0.161179732,0.25
Rice,-0.263688973,0.770834004,-0.236268677,-0.79092356,0.068546132,0.25
Rice,-0.912271612,-1.28580541,-2.789442711,-1.007680327,-0.883957583,0.416
Rice,-0.566473652,-0.040449297,-0.564909622,-1.324446445,0.229767087,0.25
Rice,-0.521383637,1.507811868,0.057248638,-0.68100872,-0.12555521,0.25
Rice,-0.891406527,-1.594098068,-2.873122492,-1.066454154,-0.70026057,0.416
Rice,-0.864773762,-0.044673596,-0.63108775,-1.185383653,-0.4389464,0.25
Rice,-0.541681726,0.756861319,-0.302264495,-0.918926684,-0.256670676,0.25
Rice,-0.911666705,-1.355262649,-3.196720774,-1.064948252,-0.855740993,0.416
Rice,-0.424825963,0.015603914,-0.300379421,-1.312760064,-0.198250153,0.25
Rice,-0.368943662,1.075415777,-0.056752758,-0.771514463,-0.220000185,0.25
Rice,-0.902913243,-1.296528633,-2.942946797,-1.013616636,-0.715113349,0.416
Rice,-0.427210207,-0.219657097,-0.753599324,-1.316193812,-0.624175452,0.25
Rice,-0.544431611,1.132606299,-0.201021076,-0.827781586,-0.098852201,0.25
Rice,-0.960042428,-0.58554646,0.864209775,-0.809030255,-2.649789422,0.25
Rice,0.656020132,-0.203897209,0.765033738,-1.319934373,-0.183483512,0.25
Rice,-0.50663418,1.17230497,1.246996461,-1.312985747,-0.446852706,0.25
Rice,-0.886688588,-1.092218742,-1.382109226,-1.012134014,-1.237704772,0.416
Rice,-0.491833332,-0.209258821,0.151017393,-1.299266182,-0.476570571,0.25
Rice,-0.492865381,1.496328271,1.484486607,-0.684322189,-0.394061965,0.25
Rice,-0.815965,-1.347707651,-1.380377292,-1.074485631,-0.944746921,0.416
Rice,-0.68090052,-0.089191219,0.241077985,-1.052269799,-0.739170669,0.25
Rice,-0.209294508,1.638765166,1.383972423,-0.932562393,-0.379584504,0.25
Rice,-0.802560998,-1.03527193,-1.78510303,-1.052269799,-1.250391777,0.416
Rice,-0.115758843,-0.139882818,0.769044534,-1.300241713,-0.198280917,0.25
Rice,-0.261871724,1.440223069,1.40354146,-0.771514463,-0.563263058,0.25
Rice,-0.84913211,-0.946155448,-1.422764109,-1.031598765,-0.777034797,0.416
Rice,-0.551961778,-0.222744086,0.0199373,-1.031598765,-0.725726873,0.25
Rice,-0.507448867,1.559315832,1.350912529,-1.031598765,-0.332515836,0.25
Rice,0.932247028,-0.303330731,0.908693144,-1.518634282,-0.162656396,0.25
Sugarcane,2.445897881,-1.035120858,0.294407805,-0.764086141,1.333875464,1
Sugarcane,2.140289953,-1.708059253,-0.255015699,-0.705944289,1.563097709,1
Sugarcane,2.11617073,-1.393855512,0.09220609,-0.764086141,1.531527679,1
Sugarcane,2.045223543,-1.363972861,-0.263335046,-0.798156526,1.533910322,1
Sugarcane,1.879690791,-0.746120599,0.310644396,-0.899542852,1.385471615,1
Sugarcane,2.524645989,-1.4238613,-0.281533616,-1.046925881,1.662573086,1
Sugarcane,2.829662477,-1.045710556,0.143390869,-0.961002485,1.608844469,1
Sugarcane,3.189229312,-1.008154068,-0.247327237,-0.98196378,1.600624348,1
Sugarcane,2.247419181,-1.084005861,-0.132825299,-0.688070981,1.338771797,1
Sugarcane,2.18656174,-1.815266405,-0.741524146,-0.586083976,1.623021199,1
Sugarcane,2.219608665,-1.4785731,-0.365184644,-0.666026585,1.560119404,1
Sugarcane,2.281070369,-1.446597136,-0.720205821,-0.588899352,1.567148203,1
Sugarcane,1.188138433,-0.599096182,-0.132825299,-0.681687657,1.560119404,1
Sugarcane,1.418317691,-1.314063366,-0.741524146,-0.720124041,1.641486689,1
Sugarcane,1.183751517,-0.987097807,-0.365184644,-0.665694019,1.450398658,1
Sugarcane,1.491454329,-0.963701962,-0.720205821,-0.707598431,1.470293734,1
Sugarcane,1.581471859,-0.103636207,1.125884884,-0.7072173,1.347706711,1
Sugarcane,1.246888167,-0.652576621,0.707719868,-0.618453764,1.370341827,1
Sugarcane,1.205969796,-0.387711024,0.997163796,-0.703400705,1.389760374,1
Sugarcane,1.120924211,-0.374619202,0.65139096,-0.690720495,1.397742231,1
Sugarcane,1.14600192,-0.944039601,0.071636506,-0.695810707,1.594548606,1
Sugarcane,1.426607471,-1.642920294,-0.513435398,-0.710180643,1.657569534,1
Sugarcane,1.189218733,-1.305236975,-0.176037371,-0.671313405,1.452066509,1
Sugarcane,1.52018326,-1.284426986,-0.48905278,-0.662859287,1.455878739,1
Sugarcane,2.242926479,-0.796236963,0.644686953,-0.776835103,1.349851091,1
Sugarcane,1.92760707,-1.406375984,0.168695547,-0.849495273,1.503769879,1
Sugarcane,1.855374421,-1.133752817,0.469869754,-0.633735499,1.493167114,1
Sugarcane,1.792962245,-1.101530581,0.111791218,-0.485481197,1.493047982,1
Sugarcane,1.058967236,-1.046651316,-0.010461578,-0.213138399,1.47660774,1
Sugarcane,1.368481234,-1.727268473,-0.554047674,-0.458483166,1.666861845,1
Sugarcane,1.323331421,-1.40773048,-0.224795673,-0.404217706,1.58061014,1
Sugarcane,1.552646759,-1.363317777,-0.557514068,-0.493229806,1.438604571,1
Sugarcane,1.645969302,-0.655078745,0.443005198,-0.781578074,1.397861363,1
Sugarcane,2.343226094,-1.331509278,-0.167142603,-1.024229926,1.651186035,1
Sugarcane,2.591044376,-0.938045339,0.28823069,-0.998863185,1.599264255,1
Sugarcane,2.951704334,-0.907305661,-0.115430932,-1.07065347,1.619536583,1
Sugarcane,0.965873896,-0.945147825,0.115950891,-0.745754793,1.533612492,1
Sugarcane,1.299955906,-1.621657165,-0.431857273,-0.61278989,1.676829238,1
Sugarcane,1.16596343,-1.311354373,-0.11647085,-0.828517435,1.567684298,1
Sugarcane,1.439107858,-1.270882023,-0.427579743,-0.940453672,1.442575644,1
Sugarcane,3.024712747,-1.681585007,-0.469467652,-0.636953133,1.345592115,1
Sugarcane,3.014191842,-2.38448486,-1.039169563,-0.742467238,1.646351253,1
Sugarcane,3.076171256,-2.07335952,-0.70344927,-0.769650202,1.589813102,1
Sugarcane,3.221553366,-2.041427885,-1.063663105,-0.789089407,1.607881484,1
Sugarcane,2.006329533,-1.904047481,-0.817895746,-0.127741688,1.453942841,1
Sugarcane,2.473310897,-2.574030612,-1.34017045,-0.31359309,1.703187235,1
Sugarcane,2.630058597,-2.274194383,-1.029234877,-0.239803987,1.648952306,1
Sugarcane,3.072441496,-2.22760956,-1.377316331,-0.3290467,1.514888882,1
Sugarcane,1.310444755,-0.1216978,0.72666718,-0.737395132,1.389998638,1
Sugarcane,1.980001625,-0.785277856,0.126350074,-0.832840269,1.628779255,1
Sugarcane,2.164758591,-0.431054906,0.546303749,-0.929398569,1.568518223,1
Sugarcane,2.52008116,-0.397276231,0.129351971,-0.915158669,1.619030271,1
Sugarcane,2.013614346,-0.475053872,0.889185612,2.200615941,1.374948272,1
Sugarcane,1.684512295,-1.109411287,0.372984032,2.348053677,1.432777021,1
Sugarcane,1.627217921,-0.787617441,0.735395561,2.434410066,1.436777878,1
Sugarcane,1.64251683,-0.780554358,0.367493263,2.268316942,1.441831068,1
Sugarcane,1.17071098,-0.427444558,0.68224187,-0.823434759,1.497535294,1
Sugarcane,1.348550178,-1.154725345,0.074291764,-0.907440325,1.625393916,1
Sugarcane,1.171371342,-0.823858837,0.418393798,-0.861214511,1.462361516,1
Sugarcane,1.418009949,-0.793567374,0.096996647,-0.872938132,1.469827132,1
Sugarcane,2.505638157,-2.417647856,-1.39782352,-0.459250662,1.418669785,1
Sugarcane,2.910559966,-3.110780559,-1.938643434,-0.602390072,1.687690122,1
Sugarcane,2.979524466,-2.81468274,-1.638453683,-0.579095119,1.626466106,1
Sugarcane,3.386539557,-2.78135228,-1.995429906,-0.64434527,1.544691785,1
Sugarcane,2.460642214,-1.017182401,0.142468808,-0.76614941,1.318985927,1
Sugarcane,2.192779075,-1.717619534,-0.437923463,-1.015151544,1.605508768,1
Sugarcane,2.208212621,-1.389875756,-0.081404805,-0.879147755,1.556386596,1
Sugarcane,2.143655873,-1.360608785,-0.424633307,-1.158055821,1.567227625,1
Sugarcane,1.053820584,-1.290012437,-0.371597474,-0.762419655,1.597685754,1
Sugarcane,1.308316211,-1.98515472,-0.951816425,-0.839695237,1.691055606,1
Sugarcane,1.159915993,-1.643535974,-0.602286018,-0.83870769,1.513707489,1
Sugarcane,1.431896775,-1.611151199,-0.906871156,-0.792971902,1.454161249,1
Sugarcane,1.48321103,-0.374821145,0.664854436,-0.698204387,1.404443416,1
Sugarcane,1.571499118,-1.112898499,0.053493398,-0.70714331,1.628670051,1
Sugarcane,1.467662081,-0.77678147,0.420237919,-0.65022428,1.516844636,1
Sugarcane,1.593603597,-0.74673628,0.062506023,-0.665684901,1.509915114,1
Sugarcane,1.039579536,-2.1381734,-1.854985472,-0.571850284,1.71177468,1
Sugarcane,1.256325566,-2.8128357,-2.427689281,-0.616661778,1.752428539,1
Sugarcane,1.046841909,-2.477368829,-2.110576593,-0.582161398,1.535091717,1
Sugarcane,1.286463375,-2.441826846,-2.382626154,-0.589502354,1.521113539,1
Sugarcane,0.169474726,0.204696408,0.109648986,-0.705512238,0.999602456,1
Sugarcane,-0.101409247,-0.189132014,-0.184301255,-0.596308015,0.575372732,1
Sugarcane,-0.072382192,0.099415104,0.156909806,-0.7027039,0.686076318,1
Sugarcane,0.099624347,0.087510313,-0.167946806,-0.772812048,0.623363148,1
Sugarcane,-0.422290919,0.640597949,-0.011612421,-0.533300949,0.269471054,1
Sugarcane,-0.671421109,0.561052074,-0.113295633,-0.528185762,-0.511073119,1
Sugarcane,-0.578161076,0.597214663,-0.058991099,-0.525357365,-0.12322835,1
Sugarcane,-0.428460491,0.817175013,0.012707802,-0.566504936,-0.379471761,1
Sugarcane,-0.046885346,0.095844159,0.051358099,-0.551600735,0.651398924,1
Sugarcane,-0.351694749,-0.107615963,-0.039114794,-0.442294391,0.183725661,1
Sugarcane,-0.310625233,0.038255901,0.096303368,-0.466545612,0.357013357,1
Sugarcane,-0.233190314,0.138040413,-0.101627749,-0.586759666,0.246974926,1
Sugarcane,-0.276243319,0.344086392,0.563226686,-0.54184986,0.458553694,1
Sugarcane,-0.495438297,0.167716196,0.475242665,-0.431212137,-0.191004638,1
Sugarcane,-0.470527762,0.318804103,0.632616968,-0.408339033,0.040806745,1
Sugarcane,-0.296271987,0.381150337,0.437396571,-0.388996043,-0.125005406,1
Sugarcane,-0.131564847,0.261668986,0.158989643,-0.477692994,0.725727481,1
Sugarcane,-0.373724216,0.00049747,-0.018025251,-0.492789764,0.276271516,1
Sugarcane,-0.329216492,0.179000382,0.193826906,-0.474175408,0.429475511,1
Sugarcane,-0.303400525,0.260516433,-0.03368642,-0.482289498,0.341337547,1
Sugarcane,-0.440402776,0.814919161,0.405450281,-0.409433191,0.338686856,1
Sugarcane,-0.690247503,0.727531985,0.324281191,-0.382782638,-0.494682515,1
Sugarcane,-0.583386266,0.791232715,0.39846203,-0.415553688,-0.151681089,1
Sugarcane,-0.438162836,0.917860881,0.366051243,-0.390486028,-0.332732232,1
Sugarcane,-0.488925401,0.771329007,0.226757653,-0.437422171,0.338607434,1
Sugarcane,-0.71336288,0.694531529,0.124963516,-0.328874014,-0.520008033,1
Sugarcane,-0.591754265,0.751627243,0.208441225,-0.448369845,-0.144791276,1
Sugarcane,-0.462002046,0.886214922,0.207054667,-0.287612687,-0.317513095,1
Sugarcane,-0.215743627,0.420391326,0.70506461,-0.714854259,0.537458913,1
Sugarcane,-0.478157181,0.236465503,0.600206181,-0.755901842,-0.176877547,1
Sugarcane,-0.396684601,0.40491559,0.795648427,-0.805007635,0.04117407,1
Sugarcane,-0.19992252,0.390424942,0.529429341,-0.653474814,-0.102271013,1
Sugarcane,-0.343010194,0.372491411,-0.090126253,-0.421411611,0.302371394,1
Sugarcane,-0.602100462,0.265116795,-0.204517266,-0.240015912,-0.429517207,1
Sugarcane,-0.537987696,0.31502629,-0.144146543,-0.111359031,-0.100394681,1
Sugarcane,-0.384548535,0.525426358,-0.103707586,-0.402211751,-0.349519943,1
Sugarcane,-0.395988657,0.856002266,0.515563764,-0.740486663,0.569167931,1
Sugarcane,-0.623437993,0.729910973,0.386211793,-0.792718518,-0.309650371,1
Sugarcane,-0.487329314,0.828296659,0.528105179,-0.832422362,0.019492012,1
Sugarcane,-0.382337927,0.832483284,0.350105829,-0.868252942,-0.11208949,1
Sugarcane,-0.137929481,-0.093169645,-0.031433264,0.000813386,0.538064501,1
Sugarcane,-0.42394583,-0.273933334,-0.139584768,0.142405195,-0.048661528,1
Sugarcane,-0.391932242,-0.147635173,-0.02744691,0.346321726,0.192342889,1
Sugarcane,-0.281246839,-0.022450161,-0.16425163,0.312834269,0.004967812,1
Sugarcane,-0.399003239,0.803960055,0.488990385,-0.691998432,0.288472638,1
Sugarcane,-0.644400303,0.687798451,0.405450281,-0.477836277,-0.492041752,1
Sugarcane,-0.575954475,0.756798956,0.46623004,-0.535063325,-0.17030542,1
Sugarcane,-0.405584254,0.909773307,0.454846401,-0.487897728,-0.374557558,1
Sugarcane,-0.38531917,0.521934221,-0.158532079,-0.296698486,0.266770724,1
Sugarcane,-0.633724085,0.45839603,-0.278871425,-0.105301665,-0.589740074,1
Sugarcane,-0.555314171,0.449121424,-0.27609831,-0.266308258,-0.161340723,1
Sugarcane,-0.458168744,0.674706628,-0.139120271,-0.1970461,-0.35535742,1
Sugarcane,0.085642475,0.288182635,0.024320223,-0.366906932,0.905031354,1
Sugarcane,-0.185712085,-0.115826674,-0.298283234,-0.602665714,0.557919866,1
Sugarcane,-0.129699005,0.174813757,0.041076773,-0.591108578,0.659142516,1
Sugarcane,-0.117659108,0.218773319,-0.241607686,-0.508184561,0.612591614,1
Sugarcane,-0.222824081,0.312401029,0.426193185,-0.212161786,0.605533031,1
Sugarcane,-0.44337328,0.098469419,0.302789546,-0.32013951,0.03843403,1
Sugarcane,-0.420666782,0.271682408,0.504935799,-0.271869213,0.230663744,1
Sugarcane,-0.277306629,0.315558237,0.258593018,-0.162299461,0.112464757,1
Sugarcane,0.542832217,0.108280898,0.05799971,-0.421354298,1.126666862,1
Sugarcane,0.227185833,-0.310913546,-0.252124726,-0.622571252,0.794834079,1
Sugarcane,0.249546763,-0.030409674,0.073140921,-0.855729656,0.87231964,1
Sugarcane,-0.149057053,-0.043338957,0.333175959,-0.751599068,0.758369701,1
Sugarcane,-0.379663943,0.293561217,0.139577835,-0.762160424,0.235726862,1
Sugarcane,-0.35443557,0.009525803,0.406954696,-0.679568545,0.400854003,1
Sugarcane,-0.196770255,0.234165322,0.117857408,-0.73158966,0.305290133,1
Sugarcane,-0.123883336,0.361039761,0.561209245,-0.721302515,0.746893301,1
Sugarcane,-0.402948899,0.139188041,0.4200646,-0.837072646,0.055311089,1
Sugarcane,-0.3177137,0.333373558,0.652375416,-0.826613245,0.254122858,1
Sugarcane,-0.124965239,0.2911379,0.342361904,-0.592526788,0.129321962,1
Sugarcane,-0.279235301,0.59204295,0.675191224,-0.709684625,0.449162105,1
Sugarcane,-0.564482297,0.440009358,0.573688264,-0.756520823,-0.36092685,1
Sugarcane,-0.443908943,0.567947692,0.732795765,-0.70243109,-0.098617626,1
Sugarcane,-0.271874354,0.57853739,0.519959152,-0.595145855,-0.260349499,1
Sugarcane,-0.34716406,0.667648471,0.624297622,-0.77198652,0.316677184,1
Sugarcane,-0.56773602,0.508226718,0.527869464,-0.729096544,-0.420502872,1
Sugarcane,-0.539645331,0.623812045,0.632270329,-0.593847376,-0.136918624,1
Sugarcane,-0.350741071,0.749573334,0.559996007,-0.727678047,-0.345002848,1
Sugarcane,-0.269808,0.099168832,-0.002488871,-0.634272157,0.361014214,1
Sugarcane,-0.52066667,-0.048594402,-0.09648362,-0.582710435,-0.323539198,1
Sugarcane,-0.48313121,0.035300637,-0.026864556,-0.505919655,-0.044273492,1
Sugarcane,-0.354515711,0.207242861,-0.065577248,-0.517039626,-0.273583101,1
Sugarcane,-0.113459722,0.791646452,-0.002488871,-0.58087553,0.81954408,1
Sugarcane,-0.341882771,0.596229575,-0.09648362,-0.672342059,0.004223236,1
Sugarcane,-0.160140548,0.718503651,-0.026864556,-0.767016581,0.256277164,1
Sugarcane,-0.101867332,0.660176577,-0.065577248,-0.83724247,0.175584962,1
Sugarcane,-0.366361826,0.720020687,0.608463132,-0.46504831,0.320459631,1
Sugarcane,-0.60628927,0.589250225,0.52422975,-0.357880132,-0.449928523,1
Sugarcane,-0.545583776,0.685419463,0.621524506,-0.306281222,-0.153636841,1
Sugarcane,-0.371377368,0.801251062,0.541215082,-0.361066642,-0.349212185,1
Sugarcane,-0.213251243,0.692438216,0.534171369,-0.708481052,0.706219585,1
Sugarcane,-0.503321442,0.537986233,0.405221499,-0.639140182,-0.172251246,1
Sugarcane,-0.362114356,0.664816343,0.568544135,-0.759271848,0.107739181,1
Sugarcane,-0.228023947,0.628860622,0.319712483,-0.788959991,-0.022760205,1
Sugarcane,0.030195671,0.303944047,0.105315993,-0.641321658,0.904803017,1
Sugarcane,-0.221081015,-0.080693502,-0.189036349,-0.627394595,0.513771463,1
Sugarcane,-0.184053167,0.202765635,0.129698611,-0.79943319,0.627661835,1
Sugarcane,-0.116376853,0.236874315,-0.142815447,-0.597305261,0.569713953,1
Sugarcane,-0.413005307,0.599140511,-0.063261697,-0.430455605,0.284451927,1
Sugarcane,-0.662282315,0.531376291,-0.166851425,-0.238726369,-0.542236114,1
Sugarcane,-0.569676873,0.539912081,-0.144202005,-0.32724134,-0.141872538,1
Sugarcane,-0.451655848,0.755030722,-0.041596732,-0.251619969,-0.353262679,1
Sugarcane,-0.209984217,0.337520779,0.472525012,-0.786231891,0.649264472,1
Sugarcane,-0.432005285,0.092928298,0.32179232,-0.792370115,0.077221485,1
Sugarcane,-0.410536965,0.294748248,0.56097353,-0.798499424,0.264000901,1
Sugarcane,-0.230047506,0.316587654,0.282046642,-0.766630839,0.152056355,1
Sugarcane,-0.287961369,0.543404219,0.896985,-0.468084744,0.335599346,1
Sugarcane,-0.520081641,0.382096021,0.808363162,-0.443520602,-0.376423963,1
Sugarcane,-0.474158147,0.529366711,0.973592315,-0.594929376,-0.134516125,1
Sugarcane,-0.259582014,0.567494551,0.762086797,-0.499437553,-0.30699968,1
Sugarcane,-0.398144448,0.810486264,0.627299519,-0.268572428,0.402283589,1
Sugarcane,-0.662772618,0.705530039,0.536708769,-0.343257771,-0.446821158,1
Sugarcane,-0.549302317,0.800714189,0.658788246,-0.421563322,-0.126752678,1
Sugarcane,-0.40315999,0.859248131,0.520825751,-0.374875418,-0.297876139,1
Sugarcane,-0.314825901,0.518978956,0.62198207,-0.735200381,0.355861747,1
Sugarcane,-0.528162414,0.347204196,0.546532531,-0.145449434,-0.350602061,1
Sugarcane,-0.511748264,0.477112706,0.660230266,-0.251363889,-0.091102371,1
Sugarcane,-0.325827972,0.593968797,0.546879171,-0.153473256,-0.29341861,1
Sugarcane,-0.212887884,0.607558089,0.601419419,-0.708721767,0.604232505,1
Sugarcane,-0.51884747,0.450067109,0.491125684,-0.76729567,-0.245785589,1
Sugarcane,-0.390560389,0.580876975,0.657748327,-0.602807311,0.010437966,1
Sugarcane,-0.220000394,0.562322838,0.415100723,-0.736002763,-0.131686735,1
Sugarcane,-0.112630263,0.48474714,0.561555884,-0.633985592,0.741532352,1
Sugarcane,-0.421144903,0.308583813,0.446235877,-0.732574402,-0.077034844,1
Sugarcane,-0.303992126,0.472926081,0.633247852,-0.792138659,0.148124993,1
Sugarcane,-0.129143308,0.409841031,0.336066932,-0.628834585,0.01487564,1
Sugarcane,-0.437722061,0.893805026,0.555316374,-0.594635681,0.507308542,1
Sugarcane,-0.670285832,0.781958109,0.447969074,-0.655006733,-0.385626924,1
Sugarcane,-0.538878703,0.864789253,0.571261788,-0.282020947,-0.04102714,1
Sugarcane,-0.425413692,0.894341899,0.426650749,-0.740898932,-0.182546253,1
Sugarcane,-0.043019827,0.278578025,-0.256270534,-0.803032541,0.883657053,1
Sugarcane,-0.33384335,0.699988918,0.810096359,-0.422271307,0.279905048,1
Sugarcane,-0.587780716,0.582561476,0.724303099,-0.542320034,-0.502217625,1
Sugarcane,-0.504840113,0.680986566,0.860816641,-0.443266975,-0.225185649,1
Sugarcane,-0.3257411,0.749942742,0.701535821,-0.296400828,-0.410763816,1
Sugarcane,0.129870667,0.749287658,0.962153213,-0.138810368,-0.283381723,1
Sugarcane,0.272021493,0.741978303,1.024028352,-0.123621917,0.171852153,1
Sugarcane,-0.148158032,0.913383655,1.11600566,0.043563913,-0.153051109,1
Sugarcane,-0.684637635,0.308293212,-0.833092419,0.044690595,-0.796851384,1
Sugarcane,-0.743812437,0.326315401,-0.744581506,-0.063205254,-0.949956102,1
Sugarcane,-0.668605437,0.406107547,-0.787336014,0.257771714,-0.676517946,1
Sugarcane,-0.083253313,0.36912241,0.215374014,-0.398593736,-0.234537526,1
Sugarcane,-0.089099595,0.374500991,0.41220975,-0.244008719,-0.172668208,1
Sugarcane,-0.200659817,0.601110687,0.624006445,-0.228391337,-0.34109134,1
Sugarcane,0.105777891,0.326315401,0.744636968,-0.140316121,0.109397103,1
Sugarcane,-0.113583941,0.406107547,0.928820365,-0.163602152,-0.219109907,1
Sugarcane,-0.160971289,0.75806972,1.010973911,-0.378373704,-0.340148211,1
Sugarcane,0.031874624,0.760778712,1.039855909,-0.285008287,0.158995805,1
Sugarcane,-0.10536276,1.028392705,1.179613996,-0.272114267,-0.21888157,1
Sugarcane,-0.162834566,0.241967221,0.138537916,-0.196601301,-0.348596668,1
Sugarcane,-0.008328088,0.237288052,0.154947827,-0.272388335,0.161467798,1
Sugarcane,-0.060434457,0.505025181,0.25772642,-0.200430853,-0.227955472,1
Sugarcane,-0.053967082,0.642651858,0.722916541,-0.178100219,0.076953437,1
Sugarcane,-0.10590243,0.685173191,0.826326017,-0.014136737,-0.218067501,1
Sugarcane,-0.430055296,-0.193934319,1.019639897,-0.082282583,-0.435652515,1
Sugarcane,-0.302082206,0.080368423,0.53835184,-0.17823769,0.076953437,1
Sugarcane,-0.102744876,0.5895359,0.769595007,0.045004015,-0.238319973,1
Sugarcane,0.089682861,0.57529645,0.77248598,-0.082995517,0.210441055,1
Sugarcane,-0.1178702,0.820253414,0.899120298,0.193372732,-0.221681177,1
Sugarcane,-0.115130661,0.676184261,0.903862326,0.057213804,-0.329843277,1
Sugarcane,0.056867864,0.658698945,0.893227428,-0.057026911,0.195162352,1
Sugarcane,-0.086561692,0.931814656,1.024666169,0.041988991,-0.219387882,1
Sugarcane,-0.108322687,0.620443043,0.69275891,-0.216782788,-0.271637274,1
Sugarcane,0.128723048,0.627791802,0.742785913,-0.174611424,0.17940712,1
Sugarcane,-0.092325269,0.87385699,0.880575089,-0.168154682,-0.204297805,1
Sugarcane,-0.134840047,1.034593836,0.837765119,-0.180555911,-0.350552422,1
Sugarcane,0.205430768,1.1104013,1.008082938,-0.161719425,0.094237532,1
Sugarcane,-0.051479987,1.332046151,1.193826213,-0.04332885,-0.199463024,1
Sugarcane,-0.340138423,-0.057622736,-0.339422402,-0.076605037,-0.462427474,1
Sugarcane,-0.206864009,-0.035172575,-0.275349569,-0.186166932,0.073101497,1
Sugarcane,-0.172731975,0.236918644,-0.116359925,-0.082263289,-0.234060997,1
Sugarcane,-0.84675478,1.247619165,0.564731101,1.674547353,-1.12606326,1
Sugarcane,-0.837056442,1.370794597,0.736608799,1.853673511,-1.411335213,1
Sugarcane,-0.756263617,1.257346911,0.578305502,2.091523478,-1.008559211,1
Sugarcane,-1.04700171,1.494216301,0.912181672,2.613554058,-0.84728401,1
Sugarcane,-0.742823978,-2.462183694,-1.548209573,1.946565449,-1.516389948,1
Sugarcane,-0.738289443,-2.463577594,-1.552660423,2.578734895,-1.678419653,1
Sugarcane,-0.904198537,-2.296235732,-1.31826977,2.685370949,-1.358936906,1
Sugarcane,-1.006678787,1.665419709,0.212892075,3.327682065,-1.659408141,1
Sugarcane,-0.952643746,1.818354656,0.430352858,3.845599832,-1.903758188,1
Sugarcane,-0.285112358,0.705283767,0.601357024,0.313475888,-0.92550422,1
Sugarcane,-0.329762893,0.857809903,0.817431249,0.364929578,-1.298100068,1
Sugarcane,-0.251059023,0.73294997,0.638163199,0.347748184,-0.917333737,1
Sugarcane,-0.615807291,0.956895002,0.957009084,0.205566551,-0.818324961,1
Sugarcane,-0.576966976,0.482614424,0.866827369,1.92803087,-0.861470669,1
Sugarcane,-0.581681989,0.535562916,0.940432786,1.928620207,-1.089420184,1
Sugarcane,-0.381261473,0.510689439,0.908250781,1.81210246,-0.75882836,1
Sugarcane,-0.760699419,0.719936954,1.19590605,1.490660572,-0.639140222,1
Sugarcane,-1.186917085,-1.682077551,-1.706395012,1.983671842,-2.050191503,1
Sugarcane,-0.924892214,-1.675507013,-1.696800033,1.691762655,-1.991935862,1
Sugarcane,-1.307569297,-1.607742793,-1.600032168,1.730945799,-1.891705981,1
Sugarcane,-0.690620158,1.668867518,-1.706395012,0.910936372,-1.082014133,1
Sugarcane,-0.659948931,1.514287473,-1.620601752,0.660294138,-1.439152579,1
Sugarcane,-0.656317263,1.755471549,-1.696800033,1.107345928,-0.998969069,1
Sugarcane,-0.722978512,0.585925552,0.945805698,1.358619566,-1.077080075,1
Sugarcane,-0.607835991,0.609075125,0.979311865,1.586318921,-1.275147266,1
Sugarcane,-0.368962401,0.575089581,0.928127086,1.203523796,-1.001312003,1
Sugarcane,-1.013536128,0.711977441,1.125884884,1.531776337,-0.872798154,1
Sugarcane,-0.657595512,1.531324574,0.557160496,1.516865914,-1.288768047,1
Sugarcane,-0.617033448,1.679373484,0.770461606,2.110238341,-1.589566895,1
Sugarcane,-0.557742442,1.498486658,0.512790648,2.247947994,-1.161246966,1
Sugarcane,-0.957657845,1.782645208,0.913852474,2.771255861,-0.98534829,1
Sugarcane,-0.160080442,-2.653044538,-2.334678988,0.006314533,-1.541457346,1
Sugarcane,-0.248160645,-2.554742584,-2.196598635,0.032368824,-1.859877831,1
Sugarcane,-0.196612698,-2.633958454,-2.312667384,-0.018147586,-1.587065119,1
Sugarcane,-0.484185063,-2.477905702,-2.090124866,-0.085908557,-1.545358926,1
Sugarcane,-0.8141201,1.099649062,0.368588644,1.208892048,-1.181003054,1
Sugarcane,-0.779467149,1.190646587,0.493787875,1.001804336,-1.426286303,1
Sugarcane,-0.628043533,1.093738533,0.360040515,0.719901007,-1.075392368,1
Sugarcane,-1.05998727,1.287470909,0.637525383,0.966387566,-0.916162271,1
Sugarcane,-0.388285828,1.416640603,0.889761034,0.954102592,-0.871656471,1
Sugarcane,-0.47655308,1.552134563,1.087116729,1.412529991,-1.2594516,1
Sugarcane,-0.432492863,1.404533869,0.879077606,1.794459331,-0.844524115,1
Sugarcane,-0.680237897,1.624824223,1.186948887,2.059200433,-0.756078392,1
Sugarcane,-0.967799684,0.654674859,-0.267261313,-0.032915324,-1.136656096,1
Sugarcane,-0.703864894,0.347903609,-0.719048045,0.251837558,-0.838349096,1
Sugarcane,-0.870316222,0.390424942,-0.639667614,0.633246044,-0.945697126,1
Sugarcane,-0.860119727,0.484338329,-0.590502586,0.799169186,-0.697405789,1
Sugarcane,-1.137392697,0.66924924,-0.387256335,1.691390115,-1.553807384,1
Sugarcane,-0.917149316,0.556535445,-0.573170614,1.771441739,-1.293940369,1
Sugarcane,-0.939632861,0.519348364,-0.613091927,1.716245932,-1.265656402,1
Sugarcane,-1.216887239,0.728556476,-0.355943237,1.812421946,-1.135961159,1
Sugarcane,-0.904306727,0.600618143,-0.211567913,1.116296641,-1.084307428,1
Sugarcane,-0.699239318,0.468123776,-0.431048446,1.446768706,-0.793555393,1
Sugarcane,-0.671761708,0.464843433,-0.426542133,1.919015881,-0.794577945,1
Sugarcane,-1.025961984,0.713617613,-0.121557208,2.395293932,-0.610121605,1
Sugarcane,-1.181172421,0.864129244,-0.281820169,1.116296641,-1.796271171,1
Sugarcane,-1.014216044,0.739806184,-0.479000236,1.446768706,-1.494946154,1
Sugarcane,-1.027878795,0.725152997,-0.487088492,1.919015881,-1.52589074,1
Sugarcane,-1.21543797,0.899306744,-0.290255064,2.395293932,-1.414383011,1
Sugarcane,-0.92967663,0.500346012,-0.281820169,1.906430753,-1.150505213,1
Sugarcane,-0.728035407,0.384721282,-0.479000236,2.250675092,-0.869879416,1
Sugarcane,-0.69758585,0.36042408,-0.487088492,2.989581424,-0.855712612,1
Sugarcane,-1.069871215,0.615724471,-0.290255064,3.346797169,-0.680330176,1
Sugarcane,-1.162786642,0.790208223,-0.307991446,0.226664883,-1.676880862,1
Sugarcane,-0.967734288,0.670027459,-0.494194601,0.428782711,-1.389732577,1
Sugarcane,-0.987786839,0.651640788,-0.511006613,0.483514117,-1.399551054,1
Sugarcane,-1.212227042,0.8332221,-0.296841213,0.594788303,-1.278175209,1
Sugarcane,-1.095368061,0.507896713,-0.386678598,-0.085858557,-1.294675018,1
Sugarcane,-0.791440208,0.378973292,-0.586342912,0.032946885,-1.000438367,1
Sugarcane,-0.829683474,0.362803069,-0.596742095,0.223904306,-1.011239685,1
Sugarcane,-1.124651567,0.569878465,-0.351783564,0.115303109,-0.846072834,1
Sugarcane,-1.125746934,0.632140966,-0.366457969,0.123198171,-1.526416908,1
Sugarcane,-0.875158178,0.477319575,-0.603617113,0.311549932,-1.197999246,1
Sugarcane,-0.90749233,0.483722648,-0.578832394,0.497782034,-1.255281973,1
Sugarcane,-1.132884768,0.661201069,-0.384772081,0.924676041,-1.110069764,1
Sugarcane,-1.098014155,0.668342958,-0.299152141,0.236171161,-1.484005848,1
Sugarcane,-0.845716955,0.475103126,-0.589289348,0.551989656,-1.148509749,1
Sugarcane,-0.901035694,0.498213296,-0.538622219,0.795257272,-1.232607147,1
Sugarcane,-1.074618285,0.648316115,-0.396788919,0.866080818,-1.069664096,1
Sugarcane,-1.032422788,0.587117509,-0.271132124,0.046923132,-1.224208328,1
Sugarcane,-0.733777507,0.354882959,-0.619331437,0.293077098,-0.90798186,1
Sugarcane,-0.846386132,0.388784771,-0.561038234,0.782387743,-0.990391552,1
Sugarcane,-0.981415632,0.515944884,-0.445029572,1.163542795,-0.780699045,1
Sugarcane,-1.015631814,0.639080913,-0.271998723,1.758015064,-1.232617074,1
Sugarcane,-0.745668982,0.371260051,-0.670402975,1.80763998,-0.921890543,1
Sugarcane,-0.878992923,0.408855943,-0.599977399,2.767389577,-1.020651128,1
Sugarcane,-0.938339867,0.518777013,-0.518748223,2.919705435,-0.797417262,1
Sugarcane,-1.060822019,0.415012745,-0.633428105,3.201968918,-1.416080645,1
Sugarcane,-0.816539074,0.319459187,-0.803223657,3.695625776,-1.172415609,1
Sugarcane,-0.802478343,0.259329401,-0.883586228,4.160394445,-1.114140113,1
Sugarcane,-0.895989378,0.773008583,-0.193947072,2.07260254,-1.109196127,1
Sugarcane,-0.683883028,0.465005972,-0.637876646,2.644433618,-0.809995635,1
Sugarcane,-0.833359219,0.508758666,-0.562424791,2.655265778,-0.935402119,1
Sugarcane,-0.765551954,0.582394011,-0.56254034,3.131638444,-0.676378958,1
Sugarcane,-1.061945274,0.544305574,-0.319603867,0.365522166,-1.271900914,1
Sugarcane,-0.752456921,0.358370172,-0.595759955,0.671910609,-0.941080754,1
Sugarcane,-0.820452518,0.38057406,-0.554220994,0.40197585,-1.010117857,1
Sugarcane,-1.039662081,0.536754873,-0.389278394,0.741433687,-0.825155206,1
Sugarcane,-1.062663978,0.398965657,-0.372928569,1.850235677,-1.316059245,1
Sugarcane,-0.785356227,0.289576535,-0.579407815,2.634644553,-1.048329507,1
Sugarcane,-0.786663807,0.247301474,-0.589349434,2.719399044,-1.017295572,1
Sugarcane,-1.152620762,0.496612528,-0.351436924,2.449254138,-0.859852456,1
Sugarcane,-1.113590833,0.562652843,-0.372928569,-0.680849541,-1.391013248,1
Sugarcane,-0.83461086,0.43003534,-0.579407815,-0.325843841,-1.09625043,1
Sugarcane,-0.873795782,0.415997833,-0.589349434,-0.304701193,-1.10879902,1
Sugarcane,-1.146885394,0.616709559,-0.351436924,-0.176600744,-0.954790883,1
Sugarcane,-1.217951671,1.052611099,-0.26073525,0.258459433,-1.938524931,1
Sugarcane,-1.104763306,0.960874758,-0.408514574,-0.237634238,-1.695505194,1
Sugarcane,-1.109563749,0.910388987,-0.462590326,-0.181118971,-1.688277842,1
Sugarcane,-1.274786356,1.088729359,-0.26056193,-0.181118971,-1.597876365,1
Sugarcane,-1.069811109,0.500306609,-0.359874128,-0.229610415,-1.25388217,1
Sugarcane,-0.746722836,0.339446627,-0.601190637,-0.118369033,-0.927896791,1
Sugarcane,-0.798185352,0.349627514,-0.577445836,-0.167741705,-0.98050358,1
Sugarcane,-1.061162618,0.526204578,-0.381712413,-0.147495508,-0.803453293,1
Sugarcane,-0.932611231,0.653689771,-0.249989427,0.609792851,-1.007179263,1
Sugarcane,-0.641310869,0.306037359,-0.747070377,0.404824307,-0.72747674,1
Sugarcane,-0.857652668,0.355168635,-0.665027755,0.78647742,-0.829235483,1
Sugarcane,-0.800070107,0.445511076,-0.625108758,0.975211096,-0.558358669,1
Sugarcane,-0.686928385,-0.012106734,-1.030214708,0.509294475,-1.046760933,1
Sugarcane,-0.660358932,-0.261742867,-1.405336355,0.056750891,-0.708316312,1
Sugarcane,-0.648436682,-0.238263289,-1.305561968,-0.114156526,-0.886667127,1
Sugarcane,-0.570004009,-0.17378434,-1.385231267,0.244508335,-0.585143557,1
Sugarcane,-0.613023675,-0.509285688,-1.591770593,-0.292913335,-1.025217862,1
Sugarcane,-0.667889618,-0.720754578,-1.918247169,-0.28747109,-0.654885525,1
Sugarcane,-0.581126291,-0.708396646,-1.802931786,-0.5870405,-0.85336968,1
Sugarcane,-0.518637661,-0.661235547,-1.939161084,-0.311542557,-0.57275381,1
Sugarcane,-0.591811806,-0.934395587,-1.987748376,0.290003409,-0.486462393,1
Sugarcane,-0.607054616,-0.89987317,-1.879596872,0.380030696,-0.655520898,1
Sugarcane,-0.484052831,-0.85291894,-1.979371258,0.145012938,-0.327152874,1
Sugarcane,-0.792156188,0.51048257,-0.448207098,1.191854302,-0.851582697,1
Sugarcane,-0.56707085,0.171287141,-0.953260754,1.998716509,-0.57634763,1
Sugarcane,-0.757252076,0.219265863,-0.853024186,1.584286081,-0.694258714,1
Sugarcane,-0.63968,0.282232702,-0.868276322,1.727482657,-0.396328965,1
Sugarcane,-0.819709931,0.636204455,-0.345428505,1.015014118,-1.068115378,1
Sugarcane,-0.663551267,0.345357156,-0.778901118,1.137122107,-0.764278658,1
Sugarcane,-0.769386699,0.374624127,-0.693570046,1.359498697,-0.902005396,1
Sugarcane,-0.688050358,0.450067109,-0.720087963,1.160628258,-0.629311816,1
Sugarcane,-0.797791379,0.399335065,-0.661101488,-0.297099677,-1.262132074,1
Sugarcane,-0.73492208,0.157249634,-1.02235755,0.248653977,-0.906651552,1
Sugarcane,-0.733533077,0.174321213,-0.936275422,0.248653977,-1.083503286,1
Sugarcane,-0.699960587,0.255551588,-0.97365471,0.502073035,-0.837723652,1
Sugarcane,-0.683964451,0.118831193,-1.123807356,0.306501085,-1.462115309,1
Sugarcane,-0.750826053,-0.010259694,-1.30983719,0.3304301,-1.165297461,1
Sugarcane,-0.563099865,-0.021750748,-1.209196206,0.371874716,-1.297861804,1
Sugarcane,-0.687883344,0.023770179,-1.387542195,0.502330943,-1.112045372,1
Sugarcane,-0.59325835,-0.267530261,-1.489627508,-0.490187232,-1.280309661,1
Sugarcane,-0.716941173,-0.408151605,-1.712458894,-0.369314079,-0.864955286,1
Sugarcane,-0.544453789,-0.416564259,-1.607773784,-0.419960446,-1.077755158,1