Rice,4.85248,2.45233,3.544661,4.747057,4.90924,4.447541
Rice,3.416021,2.45509,3.556183,4.7287,3.143897,4.015935
Rice,4.133948,2.40224,3.469029,2.7094,4.564352,4.101483
Rice,3.899474,2.38451,3.424271,4.314351,3.487982,4.24388
Rice,3.480601,2.50535,3.639496,3.732163,3.401359,4.074991
Rice,4.264183,3.53269,3.508027,4.689363,5.179536,3.098634
Rice,4.85248,3.284933,3.544661,4.023257,4.364638,4.312871
Rice,3.416021,3.312819,3.556183,4.461209,3.562574,3.928178
Rice,4.133948,3.216339,3.469029,4.309106,5.178734,4.000646
Rice,3.899474,3.249818,3.424271,3.469917,3.91468,4.152591
Rice,3.480601,3.410159,3.639496,3.732163,3.168761,3.936292
Rice,4.264183,3.609429,4.337271,5.240081,4.214652,3.08743
Rice,4.85248,3.613705,4.600847,4.710605,4.727974,4.313257
Rice,3.416021,3.590553,4.553282,4.964722,3.407776,3.865259
Rice,4.133948,3.512492,4.419597,4.141334,3.264206,3.94584
Rice,3.899474,3.555697,4.50483,5.138251,3.205656,4.096516
Rice,3.480601,3.684796,4.715329,4.451768,4.261172,4.006
Rice,4.264183,3.378084,4.695044,4.020635,3.921899,3.279887
Rice,4.85248,3.379003,4.90042,3.299457,5.097725,4.379102
Rice,3.416021,3.37427,4.887125,4.957379,3.243353,3.973988
Rice,4.133948,3.283298,4.734237,5.476103,4.460886,4.048995
Rice,3.899474,3.284761,4.736896,3.312569,4.43923,4.175441
Rice,3.480601,3.401294,4.936907,2.73563,3.637166,4.082552
Rice,4.264183,2.86287,4.086982,2.38946,2.88724,3.37112
Rice,4.85248,2.70141,4.217223,3.039833,3.994887,4.26684
Rice,3.416021,2.69357,4.203928,3.732163,2.72602,3.904666
Rice,4.133948,2.63316,4.100821,2.58877,3.698925,3.975092
Rice,3.899474,2.59219,4.030359,2.85102,3.272227,4.093977
Rice,3.480601,2.68936,4.19669,4.571352,2.39316,3.9587
Rice,4.264183,3.71707,3.897808,3.467294,4.841065,3.059834
Rice,4.85248,3.498635,4.110866,3.477784,6.032932,4.300342
Rice,3.416021,3.51318,4.134057,6.24973,5.201191,3.918078
Rice,4.133948,3.41911,3.972453,5.011926,5.819583,3.988228
Rice,3.899474,3.469459,4.060494,4.600199,5.207608,4.140946
Rice,3.480601,3.627217,4.33008,3.687582,3.709352,3.938003
Rice,4.264183,3.496053,4.869742,3.128996,4.354212,3.199912
Rice,4.85248,3.621451,5.119043,2.26358,4.844273,4.327662
Rice,3.416021,3.587111,5.058922,1.22771,3.196833,3.925474
Rice,4.133948,3.507672,4.926862,4.935875,3.758278,3.996341
Rice,3.899474,3.534352,4.973688,2.9192,4.055844,4.137634
Rice,3.480601,3.647099,5.167495,2.95591,3.573803,4.050706
Rice,4.264183,2.67432,3.490939,3.060812,4.151289,3.385856
Rice,4.85248,2.25834,3.398125,2.53894,4.667819,4.445222
Rice,3.416021,2.26677,3.415112,3.378131,2.84473,4.019246
Rice,4.133948,2.23682,3.363854,3.587928,4.673433,4.107499
Rice,3.899474,2.22675,3.343616,3.131619,3.402963,4.251828
Rice,3.480601,2.36704,3.584841,2.62811,2.47016,4.022337
Rice,4.264183,3.735661,3.892142,4.747057,5.560516,2.80374
Rice,4.85248,3.887395,4.552987,4.7287,4.805774,4.127865
Rice,3.416021,3.747452,4.314865,2.7094,4.617289,3.701006
Rice,4.133948,3.768796,4.352976,4.314351,3.499211,3.762435
Rice,3.899474,3.933268,4.638959,3.732163,3.73181,3.929724
Rice,3.480601,4.088703,4.897318,4.689363,2.97546,3.853393
Rice,4.264183,3.261238,3.882641,4.023257,4.214652,3.195331
Rice,4.85248,3.067152,4.085163,4.461209,4.810586,4.381254
Rice,3.416021,3.039749,4.083833,4.309106,3.122241,3.943191
Rice,4.133948,2.96449,3.927252,3.469917,4.607664,4.024269
Rice,3.899474,2.99045,3.965511,1.1097,3.609896,4.172461
Rice,3.480601,3.080234,4.195804,5.240081,3.523273,4.054514
Rice,4.264183,3.430471,3.207615,4.710605,5.047195,2.97544
Rice,4.85248,3.392516,3.639496,4.964722,4.547509,4.274015
Rice,3.416021,3.331323,3.534025,4.314351,3.645187,3.869564
Rice,4.133948,3.289753,3.463268,3.732163,5.197983,3.928399
Rice,3.899474,3.407319,3.664904,4.689363,5.206004,4.091714
Rice,3.480601,3.559828,3.928581,4.023257,3.983658,3.962012
Rice,4.264183,3.363656,2.87939,4.461209,5.669597,2.96959
Rice,4.85248,3.236306,3.351002,4.309106,6.109128,4.277658
Rice,3.416021,3.169433,3.238589,3.469917,3.581824,3.907978
Rice,4.133948,3.130187,3.1699,3.732163,5.356792,3.961901
Rice,3.899474,3.255413,3.387046,4.0049,4.992655,4.126265
Rice,3.480601,3.420315,3.669188,4.15438,4.039,3.944239
Rice,2.88113,2.13526,2.50221,1.93709,2.74968,3.780249
Rice,2.97236,2.18579,2.58789,2.38592,2.85596,3.63345
Rice,1.98688,4.570872,3.230169,2.89067,2.09801,1.73378
Rice,2.63655,2.17546,2.57652,2.77496,2.92413,3.866308
Rice,2.1123,4.908595,3.722561,2.44978,2.14613,1.75317
Rice,2.57056,2.25842,2.71862,2.5809,2.59127,3.533634
Rice,2.14203,2.89351,1.2999,2.67985,2.24558,2.07592
Rice,2.32502,3.776198,2.3025,2.9664,2.36536,2.25766
Rice,3.024903,2.24922,2.22598,3.147091,3.044441,4.051934
Rice,2.40846,4.228904,3.073587,2.92707,2.26376,2.12839
Rice,3.446526,2.1653,2.08683,2.84053,3.505628,4.303129
Rice,1.97816,2.60054,0.80038,2.33701,2.19907,1.99131
Rice,2.62482,3.810968,2.35784,2.51272,2.60331,2.4506
Rice,2.74858,2.18647,2.12346,2.54943,3.260998,4.074135
Rice,1.91173,2.04021,1.00151,3.648245,2.05469,2.00205
Rice,2.27307,3.819117,2.38325,3.648245,2.67549,2.07314
Rice,3.215359,2.07734,1.92951,3.650867,3.621927,4.089631
Rice,1.92839,2.62705,0.85368,3.312569,2.08838,2.17955
Rice,2.30834,4.00651,2.68617,2.73563,2.31724,2.31262
Rice,2.7588,2.16298,2.0821,2.38946,3.170766,4.264343
Rice,2.42777,4.058952,2.78366,3.039833,2.37873,2.30956
Rice,2.46223,2.34131,2.3929,3.732163,2.47498,3.867591
Rice,2.02155,3.809822,3.315255,2.58877,2.1595,1.77296
Rice,4.007944,2.13062,3.184081,2.85102,3.40537,3.610131
Rice,2.00992,4.18656,3.965611,4.571352,2.1488,1.63828
Rice,3.851003,2.11891,3.163991,3.467294,3.489586,3.951773
Rice,2.11395,3.970476,3.593361,3.477784,2.26109,2.31153
Rice,3.742799,1.97053,2.90962,6.24973,3.631953,3.862527
Rice,3.925232,2.04008,3.029863,4.495301,2.96423,3.684862
Rice,1.97451,3.86697,3.415508,3.396488,2.13276,1.79754
Rice,3.251262,1.99429,2.95172,4.789017,3.176781,3.89338
Rice,2.10319,4.180707,3.954184,3.46205,2.16484,1.82534
Rice,3.13503,2.10247,3.137402,4.9621,2.75971,3.626068
Rice,2.14063,4.425248,3.324904,3.587928,2.11137,1.81519
Rice,2.72886,2.45061,2.99308,3.312569,2.37472,3.617858
Rice,2.15271,4.876464,4.100921,2.73563,2.11405,1.60814
Rice,3.033679,2.40689,2.9108,2.38946,3.074518,3.888371
Rice,2.23613,4.563415,3.561844,3.039833,2.23168,2.0667
Rice,2.70864,2.32375,2.77978,3.732163,2.76171,3.729071
Rice,2.17723,4.492497,3.445052,2.58877,2.28729,1.58233
Rice,2.89962,2.30568,2.74388,2.85102,2.92614,3.667145
Rice,2.08497,4.609429,3.642008,4.571352,2.10603,1.75562
Rice,2.58917,2.34604,2.81434,3.717478,2.99231,3.878422
Rice,2.13708,4.790743,3.955761,3.785137,2.19425,1.77304
Rice,2.46827,2.45362,3.003273,3.248686,2.51909,3.497166
Rice,2.05915,3.81028,1.78336,4.271342,2.26163,1.42277
Rice,2.813,3.205753,3.27345,4.40358,2.88804,3.505748
Rice,3.463383,3.295089,3.420578,5.400497,3.78635,3.874145
Rice,2.09105,5.700862,4.621871,1.8293,2.28248,1.77699
Rice,2.84283,3.035686,2.97949,2.51534,3.250972,3.752473
Rice,1.93846,3.500442,1.25984,2.79857,2.05149,1.21907
Rice,2.93158,3.161859,3.191023,1.5188,3.421411,3.521768
Rice,1.91089,3.527364,1.29931,3.144731,2.02983,1.31105
Rice,2.79998,3.169605,3.208454,2.50747,3.258993,3.895532
Rice,2.5523,3.189572,3.245975,2.7907,3.100585,3.420255
Rice,2.66228,2.85589,3.237555,2.23474,2.52711,3.488804
Rice,2.93342,2.87035,3.262224,2.50747,3.40537,3.830888
Rice,2.72878,2.68282,2.93695,3.396488,2.61734,3.710692
Rice,2.76835,2.7626,3.076246,4.789017,2.59208,3.541734
Rice,2.6054,2.74642,3.05202,3.46205,2.90608,3.82076
Rice,2.4534,2.825,3.187626,4.9621,2.70156,3.446734
Rice,2.12626,3.557477,3.654812,3.312569,2.41616,2.00025
Rice,5.01762,2.2036,3.388375,2.73563,5.093715,3.826776
Rice,2.27567,3.88797,4.229927,2.38946,2.31724,1.96204
Rice,5.65169,2.10247,3.213181,3.039833,5.013508,4.092777
Rice,2.4531,3.534982,3.63019,3.732163,2.65143,2.4974
Rice,4.303532,2.09042,3.194569,2.58877,5.195978,3.943646
Rice,2.22799,3.507214,3.576421,2.85102,3.082539,2.01152
Rice,4.817171,2.00238,3.042862,3.312569,4.78492,3.873938
Rice,2.32653,3.628966,3.791499,2.73563,2.47765,2.17296
Rice,4.386707,2.07485,3.168423,2.38946,4.022959,4.015272
Rice,2.34419,3.840806,4.149964,3.039833,2.42952,2.15129
Rice,3.677861,2.20644,3.389114,3.732163,4.053036,3.727167
Rice,2.08363,2.92683,1.29163,2.58877,2.23596,1.70508
Rice,2.21271,3.781706,2.52722,2.85102,2.13009,1.85038
Rice,2.8743,1.96735,2.3316,3.312569,2.48701,3.7509
Rice,1.96674,2.66973,0.84848,2.73563,2.06913,1.61344
Rice,3.307171,1.90857,2.23514,2.38946,2.84794,4.02104
Rice,2.21573,4.205494,3.253213,3.039833,2.14346,1.70625
Rice,1.92665,2.62546,0.77497,3.732163,2.07073,1.57964
Rice,2.82883,1.86915,2.16113,2.58877,2.91411,3.84027
Rice,2.35428,3.85733,2.66372,2.85102,2.29852,2.16264
Rice,1.90722,2.73583,0.9676,2.11366,2.06528,1.63545
Rice,2.22636,3.82405,2.59971,2.15058,2.25842,1.7007
Rice,3.110902,1.82069,2.08373,1.87467,3.456164,3.798255
Rice,1.93886,2.75759,1.00435,1.98922,2.04026,1.7756
Rice,2.209,3.945462,2.81262,2.57406,2.21831,1.88204
Rice,2.68171,1.86226,2.15847,1.74048,2.79981,3.986117
Rice,2.22271,4.094411,3.06827,2.23366,2.19158,1.90211
Rice,2.50426,2.00599,2.39541,2.08318,2.67549,3.625737
Rice,1.97419,2.74527,1.18492,1.61602,2.07394,1.56686
Rice,2.17371,3.989755,3.572479,2.79135,2.12474,1.6818
Rice,4.080837,1.89626,2.54919,2.2291,3.018374,4.001184
Rice,1.91719,2.70106,1.10267,1.92626,2.04186,1.52979
Rice,2.29469,3.675786,3.038135,2.38561,2.27446,2.21883
Rice,3.387604,1.85202,2.46986,2.78291,2.96223,3.848646
Rice,2.2124,3.628051,2.94576,2.89835,2.38033,1.71551
Rice,3.772128,1.81656,2.41122,3.28422,3.124647,3.774233
Rice,2.15203,3.718131,3.0988,2.31698,2.25574,1.85553
Rice,3.111064,1.84298,2.45819,2.56317,2.71359,3.951249
Rice,2.19965,3.905641,3.432248,3.095036,2.39744,1.87062
Rice,2.84118,1.97639,2.68376,2.35495,2.66948,3.632194
Rice,2.10195,3.12492,1.7531,3.242785,2.21671,1.60919
Rice,2.04085,3.541296,3.510243,4.935875,2.22901,1.79933
Rice,4.298924,2.11883,3.326186,2.9192,2.79179,3.73041
Rice,1.97259,2.88738,1.35462,2.95591,2.06753,1.53012
Rice,2.07876,3.87592,4.096785,3.060812,2.20227,1.69242
Rice,4.375557,2.08414,3.266803,3.063435,2.97225,4.035004
Rice,2.17306,3.64136,3.682973,2.84053,2.28515,2.35381
Rice,4.109914,1.98852,3.10254,3.587928,2.99431,3.928358
Rice,2.20332,3.534982,3.507483,1.92374,2.17982,1.77644
Rice,4.523308,2.00763,3.134595,2.56616,3.094169,3.776592
Rice,2.02595,3.565852,3.560467,2.00996,2.20495,1.85963
Rice,3.494801,1.9924,3.107563,2.74252,2.59528,3.9769
Rice,2.10673,3.856755,4.064086,2.34273,2.45893,1.87579
Rice,3.369393,2.10609,3.303142,1.87347,2.66346,3.705338
Rice,1.9548,2.90886,0.84505,2.06742,2.04026,1.46195
Rice,2.07986,4.389331,3.747774,2.94797,2.18623,1.6525
Rice,3.422962,2.09602,2.7944,3.569859,3.048451,3.941866
Rice,2.27561,4.131936,3.299892,2.85626,2.26644,2.25711
Rice,3.225555,1.98611,2.61448,3.404355,2.69153,3.823837
Rice,2.19149,4.020167,3.122039,2.60188,2.14412,1.69998
Rice,3.468935,2.01047,2.64904,2.9192,2.99311,3.700068
Rice,1.95235,3.102267,1.177,2.95591,2.03544,1.59684
Rice,1.97794,4.080182,3.225247,3.060812,2.21029,1.81366
Rice,2.87067,2.014,2.65968,2.53894,2.81986,3.90813
Rice,2.13925,4.346412,3.687505,3.378131,2.30119,1.82407
Rice,2.78993,2.10996,2.82025,3.587928,2.53312,3.592621
Rice,2.06341,5.411564,4.111947,2.34488,2.13276,1.83046
Rice,2.00731,3.889185,2.02325,1.85996,2.12367,1.3969
Rice,2.65012,3.244913,3.445985,1.97705,2.72362,3.479063
Rice,1.94034,5.411564,5.099887,3.082107,2.08196,1.50517
Rice,1.90664,3.889185,1.29388,2.85626,2.03865,1.19962
Rice,3.080525,3.244913,3.484983,2.42355,3.710154,3.785023
Rice,1.88529,3.456101,1.2875,3.184068,2.02742,1.12021
Rice,2.09715,5.692827,4.598827,2.21376,2.25574,1.86118
Rice,2.64739,3.070543,3.149367,3.121129,2.79179,3.647869
Rice,1.91239,3.569295,1.47622,3.485652,2.03384,1.25086
Rice,2.0753,5.566138,4.381976,2.19015,2.32419,1.40115
Rice,2.7964,3.14017,3.267837,3.732163,3.147105,3.500243
Rice,1.90667,3.640351,1.59664,4.689363,2.03785,1.33451
Rice,1.95279,5.684451,4.584846,4.023257,2.07929,1.61272
Rice,2.65698,3.16513,3.305801,4.461209,3.072513,3.819725
Rice,2.05962,5.917404,4.985063,4.309106,2.13543,1.62247
Rice,2.46126,3.209195,3.382466,3.469917,2.82387,3.367891
Rice,2.16158,2.92573,2.14722,3.732163,2.29692,2.04031
Rice,2.13507,3.238113,2.93847,5.240081,2.58726,2.15547
Rice,6.711614,1.78265,2.6585,4.710605,4.03499,3.957334
Rice,2.02776,2.71621,1.78513,1.92374,2.17982,1.99127
Rice,2.40042,3.585245,3.528164,2.56616,2.28515,2.10649
Rice,6.915837,1.68669,2.49409,2.00996,3.798381,4.205438
Rice,1.94328,2.65094,1.67286,2.74252,2.06913,1.9716
Rice,2.63797,3.219867,2.88648,2.34273,2.7049,2.57947
Rice,4.714246,1.69108,2.49896,1.87347,4.063062,4.039916
Rice,1.96951,2.74623,1.8428,2.06742,2.0579,2.012
Rice,2.27647,3.216538,2.89573,2.94797,2.30454,2.12984
Rice,5.488696,1.59184,2.33381,2.25863,3.780335,3.993237
Rice,1.96044,2.75394,1.84847,2.19794,2.16859,2.12223
Rice,2.47091,3.337492,3.10628,2.43992,2.44022,2.33159
Rice,5.373986,1.66879,2.45716,2.26154,3.437452,4.138338
Rice,2.47759,3.506408,3.393841,3.242523,2.32258,2.30162
Rice,3.88036,1.81949,2.72172,2.63589,2.96423,3.819822
Rice,2.14452,3.826918,3.835223,4.137387,2.20495,1.68946
Rice,4.591801,1.94428,2.9009,2.96016,2.90007,4.036604
Rice,2.24847,3.550936,3.370602,4.037812,2.30387,2.29244
Rice,3.922202,1.88593,2.79558,2.48232,3.016369,3.904349
Rice,2.20697,3.483229,3.243759,4.324342,2.30654,1.75411
Rice,3.541502,1.86596,2.76116,2.41052,3.232926,3.806175
Rice,2.0985,3.548984,3.357602,3.118323,2.2397,1.86157
Rice,3.48009,1.88146,2.78096,3.260513,2.71559,3.976182
Rice,2.17245,3.783885,3.761955,4.118374,2.33862,1.87294
Rice,3.194745,2.0072,3.00283,4.118715,2.63138,3.689981
Rice,2.17395,2.66209,2.5535,2.46921,2.44771,2.16698
Rice,2.07225,2.87767,3.28886,2.97233,2.51775,2.25207
Rice,5.011853,1.76131,2.96797,2.08219,6.687817,3.692051
Rice,2.03891,2.48617,2.24944,2.06766,2.27767,2.11803
Rice,2.28415,3.150326,3.74482,2.52082,2.45626,2.2215
Rice,4.671337,1.68144,2.83118,1.9079,5.677216,3.885915
Rice,1.93038,2.42001,2.14911,2.27617,2.12207,2.11559
Rice,2.51705,2.87308,3.262862,2.03385,2.88135,2.66436
Rice,4.016579,1.69056,2.84359,2.28884,6.240667,3.754901
Rice,2.04631,2.50091,2.28406,2.50527,2.20227,2.15603
Rice,2.15435,2.85656,3.240805,2.8983,2.43487,2.2504
Rice,4.050865,1.60174,2.69705,2.4031,5.035164,3.69539
Rice,1.95824,2.51709,2.309,2.58932,2.18944,2.24816
Rice,2.15168,2.93768,3.380446,2.98387,2.71559,2.47906
Rice,2.4494,1.66362,2.7944,2.54605,5.274179,3.812481
Rice,2.40265,3.094325,3.646144,2.77001,2.31456,2.41487
Rice,3.524443,1.82035,3.069451,2.4636,5.125797,3.536822
Rice,2.17579,2.87306,1.21175,2.94962,2.17982,2.04567
Rice,2.23948,3.980804,2.5095,2.28771,2.22366,2.24414
Rice,3.041614,2.45801,2.35272,2.4246,2.85997,4.030119
Rice,2.01146,2.61321,0.76457,2.94962,2.17179,1.94983
Rice,3.47774,2.38021,2.20707,3.587272,3.192823,2.07763
Rice,2.30177,4.431331,3.287879,3.456805,2.22099,4.284874
Rice,2.48262,2.57844,2.61921,3.456805,2.38942,2.34906
Rice,2.77017,2.35998,2.18669,3.633821,2.70156,4.026545
Rice,2.22012,4.046214,2.61369,4.591021,2.27245,2.00981
Rice,3.244289,4.048166,2.04517,3.830506,2.76572,4.046732
Rice,2.86138,2.3784,2.20988,4.591309,3.34722,4.235091
Rice,2.20941,4.237397,2.93847,5.642629,2.30387,2.25594
Rice,2.34821,4.275036,3.006228,5.278762,2.42418,2.24331
Rice,2.538,2.54769,2.50044,6.157052,2.47698,3.864541
Rice,2.03661,4.957824,4.082604,2.25409,2.12474,1.59944
Rice,2.40205,2.42944,2.94153,1.69333,3.128658,3.880133
Rice,2.73997,2.32246,2.76338,1.98405,2.84192,3.744387
Rice,2.18658,4.675301,3.592965,2.28225,2.25842,2.10778
Rice,2.17238,4.585562,3.445643,2.42282,2.24398,1.59134
Rice,2.90239,2.32952,2.76825,1.97299,2.70156,3.661888
Rice,2.04411,4.671741,3.601828,2.63959,2.11405,1.74025
Rice,2.57835,2.35723,2.81892,1.8164,3.038425,3.870695
Rice,2.10799,4.901596,3.987668,2.74276,2.05255,1.76049
Rice,2.49147,2.44579,2.96959,2.49064,2.41081,3.503913
Rice,2.19534,2.69569,1.5151,1.9229,2.36589,2.18405
Rice,2.32275,3.259458,3.311904,2.61895,2.34397,2.33823
Rice,4.101859,1.77258,3.014352,1.51922,2.9101,4.102408
Rice,2.48739,3.646066,4.082604,1.93373,2.33328,2.2614
Rice,5.624446,1.67447,2.94153,1.58589,3.042436,4.341847
Rice,1.98533,2.4167,0.95661,2.10293,2.19586,2.12288
Rice,2.7315,3.250163,3.592965,1.96037,2.58994,2.64547
Rice,3.755631,1.7027,2.76338,1.61161,3.000327,4.139428
Rice,1.95571,2.5354,1.11201,1.94453,2.10282,2.1355
Rice,2.29597,3.280114,3.445643,2.40208,2.26109,2.24339
Rice,4.520389,1.58892,2.76825,1.30638,2.65143,4.136103
Rice,1.94949,2.47426,1.29175,1.74237,2.175,2.29226
Rice,2.47545,3.416328,3.601828,2.18147,2.37605,2.48101
Rice,3.782364,1.66793,2.81892,1.69632,2.95621,4.283964
Rice,2.52355,3.514788,3.987668,2.46084,2.23703,2.45816
Rice,3.093967,1.8466,2.96959,2.04057,2.68151,3.922935
Rice,2.2833,3.010142,2.55161,2.14961,2.34504,2.25237
Rice,2.29505,3.237194,3.200034,2.56215,2.5124,2.40249
Rice,5.265584,1.96658,2.89101,1.7758,2.85997,4.102201
Rice,2.09624,2.80365,2.19579,1.87179,2.17982,2.19447
Rice,2.577,3.587655,3.808043,2.07991,2.4215,2.34224
Rice,6.698852,1.87543,2.73649,1.83717,3.022384,4.313961
Rice,1.99076,2.74169,2.09297,2.11366,2.14613,2.20011
Rice,2.92412,3.230309,3.183886,2.15058,2.57657,2.75583
Rice,4.420385,1.89635,2.77254,1.87467,3.16475,4.13987
Rice,2.04994,2.85295,2.28454,1.98922,2.18784,2.22124
Rice,2.32138,3.258656,3.243954,2.57406,2.38474,2.34202
Rice,5.090633,1.79186,2.59114,1.74048,2.83991,4.113874
Rice,1.97338,2.8062,2.20441,2.23366,2.22634,2.36206
Rice,2.71255,3.363539,3.423579,2.08318,2.52577,2.60643
Rice,4.605623,1.86579,2.71965,1.61602,2.82989,4.247123
Rice,2.69953,3.473476,3.602023,2.79135,2.31456,2.55219
Rice,3.773732,2.04885,3.034442,2.2291,2.80182,3.907633
Rice,2.09241,5.168744,3.849209,1.92626,2.11405,1.81059
Rice,2.53113,3.000485,3.388375,1.94828,2.45492,3.492764
Rice,1.98753,5.689502,4.747727,1.96921,2.07662,1.52084
Rice,2.83572,2.98818,3.358093,1.25393,3.515653,3.757206
Rice,2.15431,5.379434,4.215746,1.56,2.22099,1.9252
Rice,2.51759,2.83997,3.102392,1.52688,2.75169,3.61256
Rice,2.1259,5.281432,4.04262,1.88015,2.09533,1.44444
Rice,2.67026,2.86579,3.151139,1.50126,3.410824,3.513889
Rice,1.99306,5.395845,4.244503,1.95552,2.11137,1.64839
Rice,2.49977,2.90951,3.230464,1.32959,3.122642,3.784843
Rice,2.06958,5.615485,4.609858,1.97453,2.19693,1.65408
Rice,2.38798,2.9621,3.316584,1.75698,2.85796,3.355762
Rice,2.03559,1.2742,1.38329,3.086486,2.23703,1.55194
Rice,4.806021,0.35336,1.12238,1.67513,6.064212,3.098344
Rice,2.1552,1.52185,1.81089,2.55274,2.1996,1.52741
Rice,5.02603,0.27306,0.98012,1.71318,6.459229,3.331809
Rice,2.27584,1.24942,1.3441,2.71625,2.41883,2.00514
Rice,4.15433,0.24801,0.946,1.60721,6.242672,3.221493
Rice,2.15942,1.20386,1.26492,2.74001,2.23195,1.58623
Rice,4.569115,0.19345,0.84806,1.64127,3.530492,3.151315
Rice,2.16154,1.30828,1.44967,2.76028,2.27446,1.68116
Rice,4.195053,0.24422,0.94334,2.14295,4.989446,3.265785
Rice,2.20371,1.51553,1.79947,2.88353,2.38942,1.6717
Rice,3.552346,0.3407,1.09593,1.9384,3.91468,3.05259
Rice,2.11371,2.84035,1.08766,2.28123,2.22152,1.91943
Rice,2.27852,3.70436,2.15163,2.82851,2.18891,2.08673
Rice,3.168795,1.96873,2.0917,1.93478,2.74768,3.925736
Rice,1.98306,2.58491,0.64403,1.78918,2.09801,1.83319
Rice,2.33257,4.145479,2.91445,2.50016,2.20762,1.95663
Rice,3.875172,1.89359,1.96097,1.70219,3.198838,4.184024
Rice,1.95045,2.54036,0.57821,2.18727,2.11244,1.81927
Rice,2.50953,3.749576,2.22667,2.38561,2.41081,2.3441
Rice,3.004788,1.88826,1.95108,2.78291,2.90207,3.983219
Rice,1.9083,2.65968,0.7758,2.89835,2.03544,1.85061
Rice,2.26372,3.746247,2.23041,3.28422,2.19971,1.92541
Rice,3.484804,1.80701,1.81089,2.31698,3.570274,3.967821
Rice,1.93315,2.62863,0.72416,2.56317,2.12848,2.00466
Rice,2.2905,3.897034,2.4837,3.095036,2.27179,2.13834
Rice,2.93931,1.87053,1.91932,2.35495,2.99832,4.147597
Rice,2.33216,4.004789,2.67219,3.242785,2.30387,2.13832
Rice,2.59945,2.03147,2.19422,3.275225,2.59127,3.766423
Maize,3.487236,2.95092,3.660205,3.773354,3.392066,3.297646
Maize,4.920324,2.49535,3.612006,3.841847,3.68648,4.340177
Maize,3.475036,2.52287,3.653043,3.298785,2.83086,4.042663
Maize,4.197376,2.45643,3.543264,4.334044,4.925703,4.095235
Maize,3.540014,2.64914,3.8537,4.467912,2.99267,3.919451
Maize,2.65885,3.639343,4.58655,5.477115,4.748896,3.111001
Maize,2.81045,3.823979,4.873295,1.86191,3.891701,4.254679
Maize,2.60443,3.762167,4.775944,4.080247,3.920117,3.854275
Maize,3.331408,3.723989,4.716783,3.350181,3.471786,3.92162
Maize,2.81633,3.908351,5.007411,2.86436,3.682533,3.999759
Maize,4.328411,3.251473,2.93642,5.553652,5.302205,3.181134
Maize,4.920324,2.91291,3.165383,3.363455,5.61951,4.361656
Maize,3.475036,2.92324,3.181823,2.7794,5.018842,4.065917
Maize,4.197376,2.83077,3.034632,2.42897,6.803481,4.111313
Maize,3.540013,3.079754,3.428178,3.087358,3.901962,3.993665
Maize,4.328411,3.251473,2.83592,3.788221,4.58393,3.414376
Maize,4.920324,2.91291,2.8943,2.63073,4.996741,4.465959
Maize,3.475036,2.92324,2.91217,2.89621,3.036874,4.068137
Maize,4.197376,2.83077,2.81831,4.637752,4.778101,4.146689
Maize,3.540013,3.079754,3.039034,3.520088,3.542825,4.101397
Maize,4.328411,2.79587,2.84356,3.530707,3.999837,3.240526
Maize,4.920324,2.4066,2.93922,6.336813,4.117445,4.345109
Maize,3.475036,2.43618,2.98013,5.083755,2.85849,4.039319
Maize,4.197376,2.3504,2.84796,4.666954,4.331349,4.096335
Maize,3.540013,2.55906,3.17548,3.743089,2.87901,3.944344
Maize,4.920324,2.35982,2.95903,3.17762,3.268143,4.441014
Maize,4.24634,2.29024,2.84964,2.30154,3.254725,4.116839
Maize,3.540013,2.44659,3.094959,1.2529,2.97057,4.100312
Maize,4.328411,2.74108,3.627022,5.006767,3.687269,3.445712
Maize,4.920324,2.47948,3.659127,2.96524,4.935174,4.441686
Maize,3.475036,2.48213,3.669225,3.002405,3.197894,4.037822
Maize,4.197376,2.43139,3.592846,3.108596,4.595769,4.117871
Maize,3.540013,2.53039,3.742238,2.58029,3.451264,4.093082
Maize,2.66814,3.628435,5.063077,3.429825,4.081137,3.16812
Maize,2.64972,3.910748,5.306972,3.642208,3.920117,4.24027
Maize,2.46898,3.836375,5.18127,3.180275,2.99109,3.871008
Maize,2.77219,3.964544,5.387364,2.67056,3.681744,4.004769
Maize,4.920324,3.516793,3.627022,4.815622,5.201173,3.179482
Maize,3.475036,3.278908,3.659127,4.797039,4.39923,4.315672
Maize,4.197376,3.305683,3.669225,2.75286,3.609916,3.955706
Maize,4.197376,3.213047,3.592846,4.377583,5.200384,4.023516
Maize,3.540013,3.399145,3.742238,3.788221,3.222363,3.963298
Maize,4.328411,3.590475,4.353747,4.757217,4.251629,3.168998
Maize,4.920324,3.59458,4.584737,4.082902,4.756789,4.316033
Maize,3.475036,3.572351,4.543053,4.526251,3.457579,3.896831
Maize,4.197376,3.497399,4.425895,4.372273,3.316292,3.972233
Maize,3.540013,3.662838,4.685066,3.522742,4.297409,4.028526
Maize,4.328411,3.368348,4.667289,3.788221,3.963529,3.349084
Maize,4.920324,3.36923,4.847274,5.314721,5.120663,4.377646
Maize,3.475036,3.364685,4.835623,4.778721,3.295769,3.998571
Maize,4.197376,3.277338,4.701636,5.035969,4.493948,4.068757
Maize,3.540013,3.390633,4.87925,4.202433,3.683323,4.100157
Maize,4.300951,2.70706,4.230546,5.211636,2.4591,3.984266
Maize,4.328411,3.693827,3.968615,4.516693,4.868083,3.143175
Maize,4.920324,3.484095,4.155332,4.080247,6.041003,4.303948
Maize,3.475036,3.498061,4.175657,3.350181,5.222485,3.946255
Maize,4.197376,3.407739,4.034032,5.028536,5.831046,4.011896
Maize,3.540013,3.607554,4.347445,5.553652,3.754361,3.964899
Maize,2.76799,3.170324,4.758467,3.363455,5.543735,4.405482
Maize,2.47197,3.169663,4.754195,2.7794,3.274458,4.029972
Maize,3.016178,3.096943,4.64118,2.42897,4.738635,4.102068
Maize,4.328411,3.481616,4.820389,3.087358,4.388969,3.27425
Maize,4.920324,3.602017,5.038869,3.788221,4.87124,4.329513
Maize,3.475036,3.569045,4.98618,2.63073,3.249989,3.953176
Maize,4.197376,3.492772,4.870447,2.89621,3.802509,4.019488
Maize,3.540013,3.626643,5.08133,4.637752,3.620967,4.070358
Maize,4.328411,2.69263,3.612047,3.520088,4.189273,3.448242
Maize,4.920324,2.29322,3.530707,3.530707,4.697591,4.439516
Maize,3.475036,2.30132,3.545595,6.336813,2.90348,4.04092
Maize,4.197376,2.27256,3.500673,5.083755,4.703116,4.123501
Maize,3.540013,2.39759,3.69434,4.666954,2.53487,4.043813
Maize,2.68461,3.711676,4.990452,3.743089,4.306881,3.330389
Maize,2.80205,4.050651,2.67008,3.17762,4.222424,4.083941
Maize,4.328411,3.256157,3.955323,2.30154,4.251629,3.269964
Maize,4.920324,3.069805,4.132807,1.2529,4.838089,4.37966
Maize,3.475036,3.043493,4.131642,5.006767,3.176583,3.969754
Maize,4.197376,2.97124,3.994418,2.96524,4.638392,4.04562
Maize,3.540013,3.082366,4.229769,3.002405,3.57124,4.073922
Maize,2.6796,0.92421,1.7711,3.108596,2.65406,2.96102
Maize,2.99212,0.63603,1.71418,2.58029,3.009248,3.650329
Maize,2.70073,0.63255,1.70874,3.429825,2.90111,3.339478
Maize,3.425169,0.62644,1.70279,3.642208,3.518356,3.406203
Maize,2.84997,0.67858,1.7824,3.180275,2.54434,3.339375
Maize,4.328411,3.418647,3.36375,2.67056,5.070936,3.06421
Maize,4.920324,3.382204,3.742238,4.815622,4.579194,4.279314
Maize,3.475036,3.323449,3.649807,4.797039,3.691216,3.900859
Maize,4.197376,3.283536,3.587797,2.75286,5.219327,3.955913
Maize,3.540013,3.54285,3.995583,4.377583,4.024306,3.987365
Maize,4.328411,3.354494,3.076099,3.788221,5.683444,3.058736
Maize,4.920324,3.232219,3.489411,4.757217,6.115988,4.282722
Maize,3.475036,3.16801,3.390895,4.082902,3.62886,3.936804
Maize,4.197376,3.130328,3.330698,4.526251,5.375612,3.987261
Maize,3.540013,3.408896,3.768259,4.372273,4.078769,3.970735
Maize,3.425169,3.580284,4.229899,3.522742,4.039303,3.926837
Maize,2.84997,3.798197,4.571403,1.13344,3.865654,3.995731
Maize,4.328411,2.82303,3.901381,5.314721,3.063711,3.484446
Maize,4.920324,2.51526,3.879332,4.778721,3.926431,4.416896
Maize,3.475036,2.51634,3.884122,5.035969,2.88612,4.02646
Maize,4.197376,2.48047,3.827938,4.377583,3.456789,4.105941
Maize,3.540013,2.56286,3.958171,3.788221,2.73378,4.062456
Maize,2.04221,4.861894,3.246293,4.198438,2.22125,1.76381
Maize,1.98729,3.093736,1.31056,3.006705,2.14653,1.56585
Maize,2.95418,2.32594,2.38153,4.097636,3.317081,3.915513
Maize,2.18591,4.624893,2.61904,2.52298,2.40542,2.31737
Maize,1.93173,3.061012,1.25412,4.387697,2.09759,1.49151
Maize,2.93686,2.17505,2.41363,2.45029,2.80995,3.817285
Maize,2.69077,4.513608,2.6413,3.166815,2.30976,1.79226
Maize,1.95769,3.136707,1.43039,3.310758,2.10233,1.60808
Maize,3.028647,2.22356,2.24366,4.179191,3.411325,3.679922
Maize,2.03704,4.56319,2.90677,3.134586,2.24914,1.90235
Maize,1.98547,3.291998,1.30083,1.70583,3.493177,1.68045
Maize,2.69077,2.21364,2.37738,2.59426,2.98162,3.897812
Maize,2.16331,4.837874,2.99221,1.74436,2.21599,1.9205
Maize,2.62438,2.2933,2.64976,2.75978,2.65406,3.586522
Maize,2.0544,2.66224,1.31056,1.63708,2.2223,2.1424
Maize,2.46128,4.185266,3.246293,2.9732,2.33175,2.2716
Maize,3.505762,2.20389,2.38153,2.88559,3.553875,4.306556
Maize,2.02834,2.62178,1.25412,3.061075,2.26808,2.14333
Maize,2.67897,3.783983,2.61904,2.55375,2.6659,2.5731
Maize,2.80349,2.22422,2.41363,2.59091,3.313134,4.092281
Maize,1.9615,2.74527,1.43039,3.703268,2.12601,2.15338
Maize,2.32505,3.791807,2.6413,3.703268,2.6659,2.2199
Maize,3.273215,2.11943,2.24366,3.705922,3.666431,4.106781
Maize,1.97827,2.66059,1.30083,3.363455,2.15916,2.31947
Maize,2.36055,3.971733,2.90677,2.7794,2.38437,2.44399
Maize,2.81377,2.20166,2.37738,2.42897,3.224336,4.270263
Maize,2.48459,4.022085,2.99221,3.087358,2.44489,2.44113
Maize,2.51538,2.37288,2.64976,3.788221,2.53961,3.899013
Maize,2.06025,3.750598,3.458082,2.63073,2.22914,1.93902
Maize,2.12671,2.90308,1.91776,2.42897,2.24125,1.73733
Maize,4.070597,2.28446,3.343126,2.89621,3.455211,3.658102
Maize,2.05718,4.185266,4.028035,4.637752,2.21862,1.81299
Maize,2.00751,2.66224,1.51718,2.42897,2.14337,1.66075
Maize,3.912691,2.20389,3.32552,3.520088,3.538089,3.977784
Maize,2.16497,3.783983,3.701807,3.530707,2.32912,2.44297
Maize,1.93101,2.62178,1.41972,6.336813,2.10233,1.57903
Maize,3.804023,2.22422,3.102596,6.336813,3.678192,3.894274
Maize,2.02962,3.791807,3.518497,2.89621,2.23967,1.89889
Maize,1.95564,2.74527,1.52815,2.63073,2.1118,1.69371
Maize,3.987376,2.11943,3.207974,4.560763,3.688848,3.728029
Maize,2.02467,3.971733,3.545942,3.448408,2.20283,1.96202
Maize,2.00102,2.66059,1.81037,2.89621,2.14179,1.74043
Maize,3.309264,2.20166,3.139491,4.858099,3.230256,3.923144
Maize,2.1541,4.022085,4.018021,3.514778,2.23441,1.98803
Maize,3.192247,2.37288,3.302217,5.033314,2.81981,3.673014
Maize,2.19181,4.373787,3.466538,3.642208,2.18178,1.97853
Maize,3.090345,3.304757,1.82942,2.42897,2.24914,1.73141
Maize,2.78366,2.47783,3.175739,3.363455,2.44094,3.665332
Maize,2.20396,4.373787,4.146617,2.7794,2.18442,1.78479
Maize,2.19647,3.304757,1.59371,2.59091,2.12127,1.61185
Maize,3.090326,2.47783,3.103632,2.42897,3.129619,3.918457
Maize,2.28784,4.506448,3.674186,3.087358,2.30018,2.21388
Maize,2.18973,3.000985,1.52442,2.59091,2.10391,1.56736
Maize,2.76331,2.35602,2.9888,3.79884,2.82179,3.769397
Maize,2.22863,4.438356,3.571833,2.63073,2.20652,1.76064
Maize,2.18824,3.095455,1.7272,3.087358,2.10075,1.64515
Maize,2.95546,2.33867,2.95735,2.89621,3.014774,3.711451
Maize,2.13579,4.550629,3.744439,4.637752,2.17652,1.92279
Maize,2.18615,3.152441,1.81865,3.087358,2.14179,1.75268
Maize,2.6431,2.37743,3.019097,3.773354,3.048714,3.909148
Maize,2.18823,4.724718,4.019403,3.841847,2.26335,1.93909
Maize,2.1293,5.246981,4.053233,3.841847,2.31597,2.03703
Maize,2.10983,3.94562,2.11557,4.334044,2.32965,1.61133
Maize,2.86831,3.202883,3.421446,4.467912,2.9461,3.560428
Maize,2.13515,5.883722,5.056604,2.42897,2.20283,1.73294
Maize,1.97023,3.651434,1.43215,3.363455,2.13074,1.40768
Maize,3.522689,3.288659,3.550385,2.7794,3.830135,3.905146
Maize,1.9413,3.570863,1.41423,2.59091,2.10391,1.94279
Maize,2.14193,5.598573,4.603162,2.42897,2.35017,1.31287
Maize,2.89832,3.039593,3.163829,2.5564,3.303268,3.791294
Maize,2.04685,5.467234,4.405353,2.42897,2.30807,1.60221
Maize,1.98839,3.767208,1.65678,2.84312,2.12285,1.42073
Maize,2.98762,3.160738,3.34921,1.54758,3.88223,3.575418
Maize,1.96065,3.737707,1.69137,3.193549,2.10154,1.50679
Maize,2.85521,3.168175,3.364486,2.54844,3.311161,3.925158
Maize,2.86831,3.187347,3.397368,2.83515,3.155271,3.48043
Maize,2.40264,4.975493,3.715788,2.25498,2.2002,1.93179
Maize,2.08931,3.736186,1.96965,2.09296,2.23651,1.60646
Maize,2.71667,2.86697,3.389989,2.00134,2.59091,3.544573
Maize,2.59242,5.457317,4.469563,2.44641,2.18178,1.69894
Maize,1.97325,3.389245,1.42531,1.81691,2.11338,1.47327
Maize,4.83387,2.88085,3.411608,2.20066,3.455211,3.864669
Maize,2.84158,5.211834,4.084302,2.1657,2.3607,2.1601
Maize,1.93055,3.35586,1.37415,2.59901,2.10233,1.38903
Maize,3.407697,2.70078,3.126546,3.166178,2.67971,3.752199
Maize,2.33157,5.089089,3.892707,3.097074,2.17652,1.68269
Maize,1.95777,3.441868,1.50589,2.42897,2.10075,1.50515
Maize,4.032286,2.77739,3.248623,3.788221,2.80008,3.594101
Maize,2.5739,5.159165,4.005251,2.89621,2.1239,1.82125
Maize,3.538398,2.76185,3.227392,2.63073,2.96386,3.855192
Maize,1.9666,3.561856,1.69665,3.363455,2.09759,1.57721
Maize,2.60378,5.420518,4.408636,3.087358,2.24493,1.84308
Maize,2.65782,2.8373,3.346232,5.033314,2.76259,3.505207
Maize,2.59242,3.659037,3.291514,2.03341,2.46857,2.47413
Maize,2.21657,2.57643,1.42531,1.90508,2.33912,2.36633
Maize,4.83387,1.99961,2.41907,1.60641,3.050687,4.350106
Maize,3.067987,3.269322,2.68618,2.03288,2.69484,2.81704
Maize,2.10068,2.53009,1.37415,2.25498,2.26808,2.36512
Maize,3.475628,2.0411,2.48419,2.09296,2.98952,4.136928
Maize,2.05553,2.65133,1.50589,2.00134,2.30281,2.45218
Maize,2.72042,3.327059,2.77663,2.44641,2.45541,2.3672
Maize,4.035776,1.92962,2.30877,1.81691,3.315108,4.159988
Maize,2.67499,3.43724,2.94975,2.20066,2.51067,2.71499
Maize,2.02857,2.55534,1.69665,2.1657,2.2444,2.52558
Maize,3.538368,2.00259,2.42386,2.59901,2.92045,4.2887
Maize,3.242189,3.492002,3.029324,3.166178,2.41332,2.66484
Maize,2.95333,2.1929,2.72225,3.097074,2.5475,3.944538
Maize,5.086478,2.24066,3.522163,2.7794,5.116717,3.860821
Maize,5.724445,2.14356,3.368628,3.087358,5.037785,4.109724
Maize,4.368001,2.132,3.352317,2.63073,5.217354,3.97018
Maize,4.884797,2.04746,3.219366,3.363455,4.905575,3.904952
Maize,4.451688,2.11704,3.329403,2.42897,4.062983,4.037202
Maize,3.738485,2.24339,3.52281,3.788221,4.092582,3.767615
Maize,2.26433,3.755887,2.76748,2.89621,2.2002,2.01146
Maize,2.13446,2.6436,1.68464,2.63073,2.30439,1.8755
Maize,2.92998,2.01383,2.59604,3.363455,2.55145,3.789822
Maize,2.26737,4.162789,3.403711,3.087358,2.21336,1.8766
Maize,2.01684,2.35495,1.29627,2.7794,2.14021,1.78975
Maize,3.365517,1.95738,2.5115,2.42897,2.90664,4.042599
Maize,2.40677,3.828498,2.88709,2.89621,2.36596,2.30365
Maize,1.97651,2.37957,1.23185,3.788221,2.14179,1.75812
Maize,2.88424,1.91954,2.44664,2.63073,2.97176,3.873449
Maize,2.27806,3.796544,2.831,2.63073,2.20809,1.8714
Maize,1.95696,2.48411,1.40067,2.89621,2.1118,1.81034
Maize,3.168042,1.87301,2.37881,3.363455,3.253936,3.834134
Maize,2.2606,3.913118,3.017585,2.7794,2.28703,2.04109
Maize,1.98879,2.44238,1.43287,2.42897,2.141,1.94149
Maize,2.73621,1.91293,2.44431,3.087358,2.85928,4.00992
Maize,2.57937,4.056132,3.241632,3.788221,2.26072,2.05987
Maize,2.55767,2.05093,2.65196,2.63073,2.73694,3.672704
Maize,2.02434,2.76074,1.59112,2.89621,2.14495,1.74617
Maize,2.22509,3.955646,3.683507,2.14977,2.19494,1.85372
Maize,4.143938,1.94557,2.78672,2.18715,3.074367,4.02402
Maize,1.96699,2.7183,1.51904,1.90784,2.11338,1.71147
Maize,2.34681,3.654187,3.215223,2.0238,2.34228,2.35623
Maize,3.446444,1.90309,2.71721,2.61584,3.019115,3.881286
Maize,2.26402,3.608354,3.134272,1.77199,2.19757,1.88526
Maize,1.95711,2.80173,1.64466,2.27125,2.10075,1.77845
Maize,3.833332,1.86905,2.66581,2.11892,3.299321,3.811655
Maize,2.20328,3.694845,3.268388,1.646,2.32386,2.01628
Maize,2.00413,2.87478,1.77184,2.83582,2.15916,1.87994
Maize,3.168205,1.89442,2.70698,2.26663,2.77443,3.977294
Maize,2.25119,3.874883,3.560612,1.96006,2.46331,2.0304
Maize,2.89666,2.0225,2.90466,2.42507,2.73102,3.678747
Maize,2.09141,3.525056,3.628964,2.82727,2.29755,1.96369
Maize,2.15289,3.12527,2.08906,2.94413,2.28545,1.78577
Maize,4.363366,2.15927,3.467662,3.334757,2.85139,3.770649
Maize,2.12955,3.846347,4.142992,2.35559,2.27124,1.86365
Maize,2.02273,2.89719,1.73984,2.60482,2.13864,1.71178
Maize,4.44047,2.12596,3.415621,3.143241,3.028981,4.055665
Maize,2.22444,3.621133,3.78034,2.39403,2.3528,2.48253
Maize,1.94244,2.84292,1.65295,3.292812,2.10233,1.65408
Maize,4.173194,2.03415,3.271666,5.006767,3.050687,3.955874
Maize,2.25488,3.518994,3.626546,2.96524,2.29229,1.94227
Maize,1.95203,2.91326,1.76273,3.002405,2.10548,1.75526
Maize,4.589128,2.0525,3.299758,3.108596,3.218417,3.813863
Maize,2.07642,3.548634,3.672979,3.111251,2.27387,2.02012
Maize,2.02063,3.0901,2.04007,2.88559,2.16389,1.81545
Maize,3.5543,2.03787,3.276067,3.642208,2.658,4.001296
Maize,2.15769,3.827946,4.114336,1.95751,2.52382,2.03524
Maize,3.428121,2.14704,3.447467,2.60785,2.7251,3.747189
Maize,2.00483,2.91782,1.29327,2.0448,2.1118,1.648
Maize,2.13066,4.339301,3.837129,2.78638,2.25545,1.8263
Maize,3.482019,2.13737,3.001621,2.38166,3.103966,3.968514
Maize,2.32762,4.092161,3.444619,1.90662,2.33438,2.39205
Maize,1.9419,2.87763,1.2302,2.10296,2.10391,1.58933
Maize,3.2834,2.03184,2.84394,2.99436,2.75272,3.858071
Maize,2.24297,3.984846,3.288754,3.623916,2.2423,1.87073
Maize,1.95353,2.95154,1.34588,2.90152,2.10233,1.69142
Maize,3.528276,2.05523,2.87424,3.456373,3.072394,3.742257
Maize,2.02811,4.04247,3.379202,2.64401,2.27913,1.9771
Maize,2.00237,3.10352,1.58418,2.96524,2.10706,1.77422
Maize,2.92633,2.05861,2.88356,3.002405,2.87901,3.936946
Maize,2.19042,4.298092,3.784311,3.108596,2.36859,1.98684
Maize,2.84509,2.15075,3.024276,2.58029,2.59683,3.641717
Maize,2.11411,5.320802,4.15628,3.429825,2.20283,1.99282
Maize,2.05766,3.859083,2.32581,3.642208,2.19389,1.58713
Maize,2.70443,3.240482,3.572651,2.38384,2.78429,3.535458
Maize,1.95638,3.449801,1.68661,1.89294,2.11022,1.40253
Maize,1.99028,5.870613,5.022081,2.01148,2.15284,1.68844
Maize,3.137479,3.266843,3.606827,3.130153,3.75515,3.821752
Maize,1.9349,3.443256,1.68101,2.90152,2.09917,1.32823
Maize,2.14806,5.590858,4.582966,2.46348,2.32386,2.02157
Maize,2.70168,3.073061,3.312703,3.233371,2.85139,3.693414
Maize,1.96216,3.55194,1.84641,2.2511,2.10548,1.45048
Maize,2.12607,5.469217,4.392925,3.169656,2.20283,1.59111
Maize,2.8516,3.139914,3.416527,3.538671,3.190791,3.555277
Maize,1.95641,3.620164,1.95194,2.22721,2.10943,1.52875
Maize,2.00282,5.582816,4.570715,4.082902,2.15021,1.78908
Maize,2.71133,3.163878,3.449797,4.526251,3.127645,3.854224
Maize,2.1103,5.806487,4.921452,4.372273,2.20546,1.7982
Maize,2.51441,3.206188,3.516985,3.522742,2.88296,3.431432
Maize,2.21288,2.93402,2.43445,3.788221,2.36438,2.18918
Maize,6.790883,1.83649,2.88252,4.778721,4.074822,3.982988
Maize,2.45319,3.567254,3.64467,2.60785,2.3528,2.25111
Maize,2.07824,2.73285,2.11713,1.95751,2.24914,2.1433
Maize,6.996362,1.74435,2.73844,2.0448,3.841975,4.215145
Maize,2.6922,3.216435,3.082313,2.38166,2.76588,2.69369
Maize,1.99325,2.67017,2.01874,2.78638,2.14021,2.12489
Maize,4.78124,1.74856,2.74271,1.90662,4.102448,4.060261
Maize,2.32848,3.213239,3.090428,2.99436,2.71941,2.27296
Maize,2.01963,2.76167,2.16767,2.10296,2.12916,2.1627
Maize,5.56045,1.65328,2.59798,2.29652,3.906698,4.016583
Maize,2.52411,3.329373,3.274944,2.48005,2.5054,2.46174
Maize,2.0105,2.76907,2.17264,2.23509,2.23809,2.26584
Maize,5.445034,1.72716,2.70607,2.29947,3.486783,4.152357
Maize,2.53084,3.491559,3.526953,3.292546,2.38964,2.43369
Maize,3.942229,1.87186,2.93793,2.67844,3.021088,3.854314
Maize,2.02763,2.81647,1.74989,2.36844,2.13548,1.75321
Maize,2.19572,3.799297,3.913767,4.198438,2.27387,1.86088
Maize,4.658043,1.99168,3.094959,3.006705,2.95794,4.057163
Maize,2.30031,3.534312,3.506587,4.097636,2.37122,2.4251
Maize,1.95575,2.76841,1.67345,2.36844,2.09917,1.71025
Maize,3.984328,1.93565,3.002656,2.52298,3.072394,3.933408
Maize,2.25855,3.469303,3.395426,4.387697,2.31544,1.92138
Maize,1.95398,2.84279,1.78613,2.36844,2.10075,1.79121
Maize,3.601288,1.91648,2.97249,2.45029,3.543614,3.841545
Maize,2.14942,3.532437,3.495195,2.48005,2.30807,2.02193
Maize,2.01465,2.96727,1.98591,2.23509,2.16231,1.88279
Maize,3.539499,1.93135,2.98984,2.29947,2.7764,4.000624
Maize,2.22382,3.757979,3.849557,4.179191,2.40542,2.03257
Maize,3.2524,2.05209,3.184283,4.179536,2.69352,3.732819
Maize,2.12301,2.88787,3.434951,2.5097,2.5817,2.38733
Maize,5.080676,1.81599,3.153732,3.019024,6.685478,3.734756
Maize,4.738067,1.73931,3.033855,2.11791,5.690943,3.916159
Maize,4.079285,1.74807,3.04473,2.1032,6.245436,3.793567
Maize,2.20561,2.8676,3.392837,2.56195,2.15947,2.38577
Maize,4.113782,1.66278,2.91631,1.94147,2.17305,3.73788
Maize,2.20293,2.9455,3.515214,2.31428,2.16737,2.59973
Maize,2.50248,1.7222,3.001621,2.20013,5.294312,3.847445
Maize,2.45543,3.095895,3.748064,2.32711,2.38174,2.53967
Maize,3.584124,1.87268,3.242668,2.54621,5.148289,3.589504
Maize,2.22718,2.88344,1.61463,2.94408,2.24914,2.1942
Maize,2.29126,3.947051,2.75194,2.44278,2.29229,2.37991
Maize,3.098328,2.48494,2.61455,2.63129,2.91848,4.051094
Maize,2.06185,2.63395,1.22274,3.030705,2.24125,2.10452
Maize,2.35394,4.379627,3.434092,2.58749,2.28966,2.2241
Maize,3.537135,2.41023,2.4869,2.81421,3.246043,4.289475
Maize,2.03597,2.60056,1.16858,2.50402,2.2523,2.0912
Maize,2.5359,4.011729,2.84809,2.94413,2.45541,2.47809
Maize,2.82522,2.39081,2.46904,3.334757,2.76259,4.04775
Maize,2.27179,4.009855,2.84325,2.35559,2.15947,2.16065
Maize,3.302249,2.31338,2.34502,2.60482,2.17305,4.06664
Maize,1.98622,2.63229,1.21849,3.143241,2.16863,2.28592
Maize,2.26101,4.193421,3.127882,2.39403,2.37122,2.39095
Maize,2.91699,2.4085,2.48936,3.292812,3.397986,4.242891
Maize,2.40066,4.229559,3.187261,3.325651,2.48962,2.37914
Maize,2.59162,2.57104,2.744,4.657662,2.54158,3.896159
Maize,1.98556,3.074234,1.41454,3.887775,2.12443,1.58223
Maize,2.08715,4.885142,4.130565,4.657954,2.19494,1.77665
Maize,2.45483,2.4575,3.130559,5.722231,3.182897,3.910749
Maize,2.23804,4.613876,3.70146,5.35388,2.32649,2.25232
Maize,1.94152,3.055657,1.39103,6.242993,2.09917,1.53053
Maize,2.79483,2.35478,2.97444,2.29193,2.90072,3.783728
Maize,2.22375,4.527712,3.572351,1.72426,2.21425,1.76907
Maize,1.96032,3.142723,1.52722,2.01857,2.10075,1.62474
Maize,2.95825,2.36156,2.97871,2.32044,2.10233,3.706532
Maize,2.09469,4.610458,3.709227,2.46274,2.18442,1.90841
Maize,1.98198,3.245325,1.68474,2.00737,2.09917,1.71999
Maize,2.63222,2.38817,3.02311,2.68218,3.0941,3.901918
Maize,2.15897,4.831154,4.047366,1.84885,2.1239,1.92735
Maize,2.5448,2.4732,3.155156,2.78662,2.47646,3.558711
Maize,4.165089,1.82682,3.194381,2.53139,2.96781,4.118736
Maize,5.697034,1.73261,3.130559,1.95666,3.098046,4.342785
Maize,3.816733,1.75972,2.97444,2.66129,3.056607,4.153377
Maize,4.586191,1.65047,2.97871,1.54801,3.035454,4.150266
Maize,2.57708,3.499604,4.047366,1.96762,2.30544,2.58018
Maize,3.151003,1.89789,3.155156,1.61549,2.74285,3.9508
Maize,2.34718,3.233071,3.357107,2.13891,2.57644,2.52808
Maize,2.33535,3.015066,2.78885,1.9946,2.41174,2.38761
Maize,5.335966,2.01308,3.086285,1.64154,2.91848,4.118543
Maize,2.63086,3.569568,3.889947,1.97856,2.48699,2.4717
Maize,2.14715,2.8168,2.47701,2.44174,2.24914,2.33343
Maize,6.778044,1.92557,2.95087,1.33255,3.078313,4.316692
Maize,2.98011,3.226461,3.342955,1.7739,2.63959,2.85871
Maize,2.04102,2.75731,2.38691,2.21842,2.21599,2.33871
Maize,4.485573,1.94565,2.98246,1.72729,3.218417,4.153791
Maize,2.37366,3.253678,3.395597,2.50123,2.15947,2.4715
Maize,2.10056,2.86414,2.55479,2.07578,2.25703,2.35848
Maize,5.15994,1.84533,2.82349,2.18616,2.16737,4.129466
Maize,2.76725,3.354382,3.553015,2.60379,2.5896,2.71891
Maize,2.02353,2.81925,2.48457,1.80775,2.29492,2.49025
Maize,4.671949,1.91631,2.93612,1.90492,2.88888,4.25415
Maize,2.75414,3.459939,3.709398,2.1156,2.38174,2.66816
Maize,3.834946,2.09208,3.211987,1.86987,2.86125,3.936481
Maize,2.07704,3.68515,2.19397,2.14977,2.22546,1.61494
Maize,2.14329,5.087658,3.926024,2.18715,2.18442,1.97423
Maize,2.58471,3.005794,3.522163,1.90784,2.51987,3.548279
Maize,2.03776,5.587665,4.713458,2.0238,2.14758,1.70311
Maize,2.89117,2.99398,3.495625,2.61584,3.563741,3.795723
Maize,2.20557,5.289952,4.247246,1.77199,2.28966,2.08147
Maize,2.57108,2.85168,3.271536,2.27125,2.81192,3.660374
Maize,2.72469,2.87647,3.314257,2.11892,3.635727,3.568046
Maize,2.55316,2.91845,3.383775,1.646,3.176978,3.821584
Maize,2.12032,5.516598,4.592634,2.83582,2.26598,1.82778
Maize,2.44068,2.96894,3.459248,2.26663,2.9165,3.420083
Maize,2.13631,1.23726,0.96321,1.96006,2.30439,1.67456
Maize,2.08612,1.3483,1.76497,1.98236,2.30544,1.7322
Maize,4.873579,0.46414,1.53631,2.00354,6.071787,3.179211
Maize,2.02809,1.08778,0.72501,1.27945,2.19073,1.63114
Maize,2.20647,1.58607,2.1397,1.58929,2.26861,1.70925
Maize,5.09494,0.38704,1.41164,1.55576,6.460524,3.397669
Maize,1.95282,1.03139,0.63511,1.91339,2.10075,1.60777
Maize,2.32785,1.3245,1.73062,1.52982,2.48435,2.15627
Maize,4.217883,0.36299,1.38174,1.98968,6.247409,3.294444
Maize,2.21071,1.28076,1.66123,1.35604,2.2384,1.76429
Maize,4.635217,0.3106,1.29591,2.00893,4.383128,3.228777
Maize,2.00753,1.16249,0.84608,1.78869,2.1489,1.71738
Maize,2.21284,1.38102,1.82314,3.134586,2.34228,1.85312
Maize,4.258856,0.35936,1.37941,1.70583,5.014106,3.335889
Maize,2.25528,1.58001,2.12969,2.59426,2.45541,1.84427
Maize,3.612199,0.45199,1.51314,1.74436,3.956425,3.136397
Maize,2.33055,3.681623,2.43832,2.75978,2.25808,2.23262
Maize,2.16472,2.85204,1.50589,1.63708,2.29018,2.07608
Maize,3.226291,2.01515,2.3858,2.78384,2.80797,3.953421
Maize,2.38493,4.105165,3.106827,1.67156,2.2765,2.11088
Maize,2.03327,2.60678,1.1171,2.80436,2.16863,1.99538
Maize,3.937009,1.94301,2.27123,2.17942,3.251962,4.195107
Maize,2.56298,3.725037,2.50408,2.92913,2.47646,2.47344
Maize,2.00046,2.564,1.05942,1.97235,2.18284,1.98235
Maize,3.061276,1.93788,2.26256,2.31941,2.95992,4.007209
Maize,1.95804,2.67857,1.23258,2.87344,2.10706,2.01167
Maize,2.31565,3.72184,2.50736,1.96868,2.17305,2.08166
Maize,3.544241,1.85987,2.1397,1.8213,2.16737,3.9928
Maize,1.98306,2.64875,1.18732,2.54103,2.19862,2.15583
Maize,2.3426,3.86662,2.72933,1.73323,2.33965,2.28091
Maize,2.99539,1.92086,2.23472,2.22429,3.054634,4.161021
Maize,2.38451,3.970081,2.89452,2.42507,2.37122,2.28089
Maize,2.65345,2.07539,2.47564,2.82727,2.65406,3.804348