Crop,Season,Precipitation,Max Temperature,Min Temp,Ground water ,Cloud Cover
Rice,0.34,135.0665,28.7395,20.965,5.355,62.48975
Rice,0.34,147.3238,28.88625,21.11,7.0665,59.83
Rice,0.25,14.91967,35.81433,22.197,8.9912,25.411
Rice,0.34,102.206,28.85625,21.09075,8.55,64.049
Rice,0.25,31.771,36.79533,23.03033,7.31,25.76233
Rice,0.34,93.34,29.09725,21.33125,7.81,58.0215
Rice,0.416,35.7646,30.942,18.9302,8.1873,31.61
Rice,0.25,60.351,33.506,20.627,9.28,34.903
Rice,0.34,154.3833,29.0705,20.4975,9.969,67.41225
Rice,0.25,71.561,34.821,21.932,9.13,32.56067
Rice,0.34,211.0305,28.82675,20.262,8.8,71.9635
Rice,0.416,13.7484,30.091,18.0848,6.88,30.077
Rice,0.25,100.63,33.607,20.72067,7.55,38.39867
Rice,0.34,117.258,28.88825,20.324,7.69,67.8145
Rice,0.416,4.8236,28.4634,18.4252,11.88,30.2716
Rice,0.25,53.37067,33.63067,20.76367,11.88,31.55967
Rice,0.34,179.972,28.57125,19.99575,11.89,68.09525
Rice,0.416,7.062,30.168,18.175,10.6,33.4876
Rice,0.25,58.10933,34.175,21.27633,8.4,35.89867
Rice,0.34,118.6308,28.82,20.254,7.08,71.26075
Rice,0.25,74.156,34.32733,21.44133,9.56,35.84333
Rice,0.34,78.785,29.338,20.78,12.2,64.07225
Rice,0.25,19.57833,33.60367,22.341,7.84,26.121
Rice,0.34,286.4598,28.726,22.119,8.84,59.4075
Rice,0.25,18.01567,34.698,23.44167,15.4,23.68067
Rice,0.34,265.374,28.692,22.085,11.19,65.5975
Rice,0.25,31.99267,34.07033,22.81167,11.23,35.879
Rice,0.34,250.8363,28.261,21.6545,21.8,63.9805
Rice,0.34,275.347,28.463,21.858,15.11,60.7615
Rice,0.25,13.25833,33.76967,22.51067,10.92,26.56633
Rice,0.34,184.7958,28.33,21.72575,16.23,64.5395
Rice,0.25,30.54667,34.681,23.42233,11.17,27.07
Rice,0.34,169.1795,28.64425,22.04,16.89,59.69625
Rice,0.25,35.57733,35.39133,22.35733,11.65,26.886
Rice,0.34,114.609,29.6555,21.79575,10.6,59.5475
Rice,0.25,37.2,36.702,23.67067,8.4,23.13467
Rice,0.34,155.5625,29.5285,21.6565,7.08,64.44875
Rice,0.25,48.40733,35.79267,22.75833,9.56,31.443
Rice,0.34,111.8915,29.287,21.43475,12.2,61.5625
Rice,0.25,40.49467,35.58667,22.56067,7.84,22.667
Rice,0.34,137.5513,29.2345,21.374,8.84,60.4405
Rice,0.25,28.09867,35.92633,22.894,15.4,25.80667
Rice,0.34,95.84,29.35175,21.49325,12.144,64.2685
Rice,0.25,35.09967,36.453,23.425,12.402,26.12233
Rice,0.34,79.59725,29.66425,21.813,10.3564,57.36075
Rice,0.416,24.6296,33.605,19.7484,14.256,19.776
Rice,0.34,125.9133,31.849,22.27025,14.76025,57.51625
Rice,0.34,213.2953,32.1085,22.51925,18.5617,64.191
Rice,0.25,28.916,39.09667,24.55233,4.944,26.194
Rice,0.34,129.9213,31.355,21.77275,7.56,61.9865
Rice,0.416,8.414,32.705,18.8624,8.64,16.0854
Rice,0.34,141.8448,31.7215,22.13075,3.76,57.8065
Rice,0.416,4.7096,32.7832,18.9292,9.96,17.7518
Rice,0.34,124.164,31.744,22.16025,7.53,64.5785
Rice,0.34,90.88625,31.802,22.22375,8.61,55.96725
Rice,0.34,105.6635,30.83275,22.2095,6.49,57.20925
Rice,0.34,142.0928,30.87475,22.25125,7.53,63.40725
Rice,0.34,114.5983,30.33,21.70075,10.92,61.2295
Rice,0.34,119.9143,30.56175,21.9365,16.23,58.16825
Rice,0.34,98.021,30.51475,21.8955,11.17,63.22375
Rice,0.34,77.5985,30.743,22.125,16.89,56.447
Rice,0.25,33.646,32.87067,22.91567,10.6,30.239
Rice,0.34,422.1148,28.938,22.46475,8.4,63.33275
Rice,0.25,53.72033,33.83067,23.889,7.08,29.54667
Rice,0.34,507.3053,28.64425,22.16825,9.56,68.15225
Rice,0.25,77.559,32.80533,22.874,12.2,39.24667
Rice,0.34,326.1735,28.60925,22.13675,7.84,65.45025
Rice,0.25,47.314,32.72467,22.783,8.84,30.44333
Rice,0.34,395.1835,28.3535,21.88,10.6,64.18725
Rice,0.25,60.554,33.07833,23.147,8.4,33.36833
Rice,0.34,337.3485,28.564,22.0925,7.08,66.748
Rice,0.25,62.926,33.69367,23.75367,9.56,32.97567
Rice,0.34,242.1115,28.94625,22.466,12.2,61.528
Rice,0.416,27.9192,31.0388,18.9162,7.84,24.891
Rice,0.25,45.26067,33.522,21.00733,8.84,27.52367
Rice,0.34,134.1485,28.25175,20.67625,10.6,61.958
Rice,0.416,12.2134,30.292,18.1662,8.4,23.2306
Rice,0.34,192.3075,28.081,20.513,7.08,66.8525
Rice,0.25,45.667,34.753,22.236,9.56,24.91233
Rice,0.416,6.827,30.1634,18.0418,12.2,22.6182
Rice,0.34,128.0405,27.9665,20.38775,7.84,63.57725
Rice,0.25,64.28233,33.74167,21.23833,8.84,33.18133
Rice,0.416,4.2174,30.484,18.3678,6.0283,23.6294
Rice,0.25,47.09467,33.645,21.13,6.1691,24.81167
Rice,0.34,165.9378,27.82575,20.25675,5.117,62.816
Rice,0.416,8.4676,30.5472,18.43,5.5538,26.1688
Rice,0.25,44.76333,33.99767,21.49033,7.7839,28.09733
Rice,0.34,108.2733,27.9465,20.38325,4.6053,66.21975
Rice,0.25,46.60433,34.43033,21.923,6.4859,28.461
Rice,0.34,84.432,28.364,20.78425,5.9121,59.69025
Rice,0.416,13.2144,30.5114,18.7356,4.1307,22.3868
Rice,0.25,40.02133,34.12633,22.77633,8.6125,24.46933
Rice,0.34,296.2533,28.04525,21.0445,6.4685,66.49275
Rice,0.416,5.5568,30.383,18.5964,5.3137,21.715
Rice,0.25,56.27533,33.21433,21.872,7.0653,34.19933
Rice,0.34,203.114,27.91675,20.91025,8.5803,63.729
Rice,0.25,45.21933,33.07567,21.71567,9.0205,25.08
Rice,0.34,254.7768,27.81375,20.811,10.4919,62.38075
Rice,0.25,37.10833,33.33733,21.97467,6.8036,27.617
Rice,0.34,165.9595,27.8905,20.8905,7.7424,65.588
Rice,0.25,43.506,33.882,22.539,9.7705,27.89033
Rice,0.34,129.6993,28.278,21.27225,6.9484,59.80725
Rice,0.416,30.3796,31.6142,19.6972,10.3339,23.1536
Rice,0.25,22.171,32.82367,22.671,16.79,26.59867
Rice,0.34,325.5545,28.69175,22.3595,9.1,61.58675
Rice,0.416,13,30.9242,19.0228,9.24,21.721
Rice,0.25,27.26367,33.79567,23.66367,9.64,24.66167
Rice,0.34,335.8505,28.591,22.259,9.65,67.1055
Rice,0.25,39.934,33.11433,22.96333,8.8,36.645
Rice,0.34,300.16,28.31325,21.981,11.65,65.17325
Rice,0.25,43.999,32.80533,22.66633,5.3041,26.184
Rice,0.34,355.7015,28.36875,22.03525,7.7538,62.4235
Rice,0.25,20.169,32.895,22.756,5.6329,27.69133
Rice,0.34,217.5165,28.3245,21.9895,8.4263,66.05275
Rice,0.25,31.02167,33.74,23.60833,6.9018,27.984
Rice,0.34,200.6673,28.65475,22.3205,5.1124,61.1325
Rice,0.416,10.6094,30.9866,18.1604,5.852,20.486
Rice,0.25,27.412,35.287,23.073,9.2097,23.93833
Rice,0.34,207.8645,28.6255,21.4595,11.5811,65.418
Rice,0.25,53.712,34.53933,22.315,8.86,34.893
Rice,0.34,181.342,28.30625,21.155,10.95,63.2795
Rice,0.25,42.4095,34.21467,22.014,7.89,24.79867
Rice,0.34,214.0413,28.377,21.2135,9.1,61.037
Rice,0.416,10.2802,31.5484,18.7222,9.24,22.93
Rice,0.25,13.718,34.389,22.18867,9.64,26.85833
Rice,0.34,133.6615,28.38725,21.2315,7.65,64.80675
Rice,0.25,35.392,35.16233,22.971,10.85,27.047
Rice,0.34,122.813,28.666,21.50325,11.65,59.09025
Rice,0.25,25.20233,38.25633,23.68933,6.91,27.16267
Rice,0.416,17.664,33.8342,20.1544,5.0609,19.3074
Rice,0.34,104.029,31.96275,22.56225,5.5074,57.03275
Rice,0.25,8.666667,38.25633,25.36133,9.7212,21.269
Rice,0.416,4.139,33.8342,18.92,8.86,15.733
Rice,0.34,161.8565,31.96275,22.62825,7.21,62.57625
Rice,0.416,1.2708,32.5762,18.9092,10.11,14.2942
Rice,0.25,29.735,39.07333,24.51333,6.41,27.71933
Rice,0.34,103.662,31.45625,22.06025,9.87,60.09125
Rice,0.416,4.9118,32.905,19.2286,11.26,16.6614
Rice,0.25,26.79933,38.70533,24.14633,6.32,19.38433
Rice,0.34,123.6825,31.6585,22.26075,12.2,57.4165
Rice,0.416,4.1432,33.1114,19.4324,15.85,18.177
Rice,0.25,10.34,39.049,24.48967,13.31,23.21767
Rice,0.34,104.9513,31.731,22.325,14.98,63.205
Rice,0.25,24.69233,39.72567,25.167,14.4,23.39433
Rice,0.34,78.655,31.859,22.45475,11.2,55.0185
Rice,0.416,38.391,31.0356,20.3642,12.2,30.9648
Rice,0.25,34.83,31.943,21.70333,17.95,33.05133
Rice,0.34,649.7113333,27.71525,21.2295,15.931,65.69825
Rice,0.416,20.4118,30.427,19.7514,5.3041,30.0764
Rice,0.25,70.48033333,32.95133,22.70133,7.7538,32.164
Rice,0.34,677.14975,27.4365,20.95125,5.6329,70.1935
Rice,0.416,9.0624,30.2374,19.5614,8.4263,29.72
Rice,0.25,102.3963333,31.89,21.61533,6.9018,40.73367
Rice,0.34,381.355,27.44925,20.9595,5.1124,67.1945
Rice,0.416,12.5856,30.5142,19.849,5.852,30.452
Rice,0.25,53.827,31.88033,21.631,9.2097,32.587
Rice,0.34,485.40625,27.161,20.68,6.5811,66.34875
Rice,0.416,11.3668,30.5366,19.8586,6.3497,32.4492
Rice,0.25,79.951,32.23167,21.98733,7.2724,36.24233
Rice,0.34,469.9943333,27.3845,20.88875,6.5922,68.97775
Rice,0.25,80.84933333,32.72233,22.474,10.3329,35.69933
Rice,0.34,269.31825,27.82225,21.3365,8.0197,63.20675
Rice,0.25,36.099,33.65333,23.221,13.7452,24.608
Rice,0.34,364.90395,28.18475,21.63975,9.2562,67.1345
Rice,0.25,50.066,32.85167,22.43467,13.3655,35.533
Rice,0.34,274.94,28.01525,21.4615,7.4341,64.73825
Rice,0.25,44.49,32.655,22.22,14.4581,25.77933
Rice,0.34,223.791,27.95725,21.40325,7.1603,62.9595
Rice,0.25,29.917,32.846,22.41267,9.8593,27.72633
Rice,0.34,215.54,28.00225,21.43675,10.4015,66.03975
Rice,0.25,39.852,33.52833,23.097,13.6727,27.93233
Rice,0.34,177.2025,28.3675,21.81225,13.674,60.85425
Rice,0.416,40.053,30.2698,21.0518,7.3841,33.26
Rice,0.25,26.39,30.896,22.29633,9.3026,34.80167
Rice,0.34,421.34,27.65325,21.75325,5.9083,60.89175
Rice,0.416,21.9102,29.7588,20.5372,5.8529,32.373
Rice,0.25,54.86,31.688,23.068,7.5809,34.24767
Rice,0.34,375.59,27.42125,21.52175,5.2437,64.40425
Rice,0.416,7.3292,29.5666,20.3674,6.648,32.3288
Rice,0.25,86.151,30.88267,22.25233,5.724,42.27167
Rice,0.34,287.62,27.44775,21.54275,6.6963,62.0305
Rice,0.416,22.9044,29.8016,20.5958,7.5216,33.0616
Rice,0.25,37.42,30.83467,22.215,9.0203,34.77133
Rice,0.34,292.2265,27.18975,21.29475,7.132,60.95225
Rice,0.416,11.0712,29.8486,20.638,7.8421,34.7308
Rice,0.25,37.062,31.07033,22.45133,9.3466,38.91433
Rice,0.34,77.062,27.3695,21.4595,7.6771,63.07375
Rice,0.25,70.78,31.52533,22.901,8.5311,37.75133
Rice,0.34,221.499,27.82475,21.925,7.3627,58.07925
Rice,0.416,40.301,30.8826,18.781,9.216,31.062
Rice,0.25,48.85767,34.10033,20.97733,6.692,34.658
Rice,0.34,156.6285,29.677,20.712,7.214,67.017
Rice,0.416,18.2228,30.1278,18.0242,9.216,29.3256
Rice,0.34,215.2243,29.451,20.4655,11.6475,31.641
Rice,0.25,57.22733,35.409,22.29467,11.15,71.63275
Rice,0.25,81.525,30.0268,21.163,11.15,36.559
Rice,0.34,120.1588,29.39225,20.431,11.825,66.95225
Rice,0.25,46.25733,34.29033,21.15367,15.475,30.41233
Rice,0.34,183.859,34.296,20.1915,12.575,67.318
Rice,0.34,132.4138,29.44575,20.47025,15.4761,70.73075
Rice,0.25,44.81833,34.84567,21.70333,19.485,34.87167
Rice,0.25,63.466,34.955,21.818,18.0975,34.643
Rice,0.34,88.96525,29.9375,20.962,21.4466,64.017
Rice,0.25,21.60167,36.93833,23.63967,6.5638,22.977
Rice,0.34,70.7,29.594,21.7085,4.4255,64.2995
Rice,0.34,116.1013,29.28325,21.407,5.5341,61.84
Rice,0.25,41.75,36.11767,22.811,6.6712,32.18733
Rice,0.25,39.842,35.857,22.56167,7.2072,22.83033
Rice,0.34,137.923,29.30375,21.41525,5.4919,60.34525
Rice,0.25,22.609,36.10733,22.826,8.0338,25.52833
Rice,0.34,94.3865,29.38425,21.501,4.8948,64.1285
Rice,0.25,31.19167,36.775,23.479,8.4272,25.895
Rice,0.34,82.71375,29.6415,21.756,7.4658,57.483
Rice,0.416,42.9268,30.3674,19.2944,5.3009,33.5692
Rice,0.25,60.04567,32.005,22.33533,7.9551,36.36267
Rice,0.34,299.0778,27.686,21.83175,3.7616,68.32675
Rice,0.25,82.166,33.128,23.63967,5.3422,34.97067
Rice,0.34,503.645,27.401,21.7085,4.0158,72.665
Rice,0.416,14.712,29.557,18.3492,5.9874,32.461
Rice,0.25,114.9633,31.978,22.811,5.4438,41.92933
Rice,0.34,252.5603,27.483,21.407,4.1139,68.9975
Rice,0.416,10.7324,29.9018,18.6122,5.3834,32.6896
Rice,0.25,56.448,32.065,22.56167,7.1281,34.64433
Rice,0.34,355.3093,27.1525,21.41525,2.95,68.93725
Rice,0.416,9.8964,29.7242,18.9164,4.6125,35.5298
Rice,0.25,80.561,32.46067,22.826,6.2869,38.94967
Rice,0.34,256.152,27.382,21.501,4.4369,71.61625
Rice,0.25,87.02467,32.74667,23.479,7.3522,38.53567
Rice,0.34,163.6625,27.901,21.756,5.7496,65.075
Rice,0.416,54.7446,31.2808,21.0486,6.1654,34.807
Rice,0.25,56.324,31.94033,22.146,7.7385,37.527
Rice,0.34,455.43,28.2495,21.623,4.74,68.323
Rice,0.416,29.6134,30.681,20.4464,5.106,33.758
Rice,0.25,94.20533,32.95833,23.175,5.8996,36.43533
Rice,0.34,647.9968,27.98475,21.3615,4.974,72.15975
Rice,0.416,15.4414,30.501,20.2724,6.0283,33.8602
Rice,0.25,140.8427,31.92033,22.11867,6.1691,43.929
Rice,0.34,341.8733,28.0455,21.4225,5.117,69.0055
Rice,0.416,23.392,30.8242,20.5966,5.5538,34.243
Rice,0.25,59.861,32.00267,22.22033,7.7839,36.43133
Rice,0.34,431.9245,27.742,21.1155,4.6053,68.5345
Rice,0.416,13.1064,30.6884,20.461,6.4859,36.7944
Rice,0.25,112.4177,32.30733,22.52433,5.9121,41.222
Rice,0.34,366.761,27.95675,21.333,4.1307,70.94875
Rice,0.25,110.6673,32.62667,22.82633,8.6125,40.23933
Rice,0.34,254.9923,28.4885,21.86575,6.4685,64.79775
Rice,0.25,29.09767,37.551,23.24467,5.3137,26.80267
Rice,0.34,88.04275,31.25275,22.46475,5.3977,57.281
Rice,0.25,15.00667,39.06367,24.76533,5.4775,21.553
Rice,0.34,128.9663,31.217,22.4135,2.75,62.07225
Rice,0.25,37.41467,38.163,23.865,3.9171,28.87933
Rice,0.34,86.22275,30.7865,21.98075,3.7908,59.4515
Rice,0.25,33.59767,37.87833,23.572,5.1379,20.16867
Rice,0.34,106.735,30.8615,22.06325,3.6931,57.66375
Rice,0.25,15.75067,38.21067,23.91367,5.4253,23.864
Rice,0.34,83.82975,30.9885,22.1975,3.0385,62.573
Rice,0.25,26.031,38.84867,24.532,5.4978,23.967
Rice,0.34,68.8095,31.14125,22.34325,4.6682,54.79875
Rice,0.25,21.46367,26.23833,19.07133,9.7379,22.11633
Rice,0.34,393.6855,23.5635,18.62975,4.3561,50.13475
Rice,0.25,37.53433,26.95767,19.795,7.7026,21.672
Rice,0.34,423.2448,23.33025,18.389,4.5012,54.36475
Rice,0.25,53.743,26.16633,19.005,8.3261,30.32767
Rice,0.34,306.1275,23.2575,18.33125,4.0971,52.366
Rice,0.25,38.10133,26.034,18.871,8.4167,22.73767
Rice,0.34,361.856,23.099,18.1655,4.227,51.0945
Rice,0.25,38.386,26.33733,19.18367,8.494,24.45767
Rice,0.34,311.5988,23.2465,18.32675,6.14,53.1685
Rice,0.25,44.05233,26.93933,19.77567,8.964,24.28633
Rice,0.34,225.248,23.52675,18.585,5.36,49.30575
Rice,0.416,31.9598,30.7876,18.571,6.6673,28.7748
Rice,0.25,54.10333,33.29733,20.37167,8.7542,31.806
Rice,0.34,173.716,28.25575,20.27025,5.3462,65.12575
Rice,0.416,14.4062,30.0456,17.8202,4.79102,27.2122
Rice,0.25,61.36533,34.57867,21.66267,7.5021,29.44867
Rice,0.34,268.6213,28.0375,20.049,4.4593,69.8055
Rice,0.416,10.0254,29.9162,17.7088,6.309,26.96
Rice,0.25,85.141,33.42867,20.49867,7.0653,36.469
Rice,0.34,151.6808,28.022,20.03225,8.5803,66.16725
Rice,0.416,4.3616,30.2628,18.0432,9.0205,27.5278
Rice,0.25,52.11433,33.419,20.505,10.4919,28.883
Rice,0.34,216.1733,27.786,19.795,6.8036,65.88825
Rice,0.416,7.7014,30.1726,17.9558,7.7424,30.319
Rice,0.25,55.71233,33.857,20.93367,9.7705,32.741
Rice,0.34,142.8833,27.9705,19.9785,6.9484,69.1455
Rice,0.25,61.30933,34.17,21.25267,10.3339,32.74067
Rice,0.34,97.22175,28.438,20.44375,10.4576,62.23925
Rice,0.34,399.9275,29.6605,22.72925,16.07,74.58
Rice,0.34,206.932,29.6685,22.74875,16,66.76
Rice,0.34,303.3891429,29.515,22.60125,8.3,68.31
Rice,0.34,271.8862857,29.4635,22.5255,14.42,70.89
Rice,0.34,215.6087143,29.8145,22.88975,12.2,67.83
Rice,1,320.8868571,32.79867,22.66725,15.85,50.14
Rice,0.34,399.9275,32.079,22.72925,13.31,72.14
Rice,0.34,206.932,32.16,22.74875,14.98,65.17
Rice,0.34,303.3891429,31.87975,22.60125,14.4,66.483
Rice,0.34,271.8862857,31.977,22.5255,11.2,69.236
Rice,0.34,215.6087143,32.44275,22.88975,12.2,65.317
Rice,1,320.8868571,33.02158,24.07067,17.95,49.937
Rice,0.34,399.9275,33.034,24.51675,15.931,72.147
Rice,0.34,206.932,32.96675,24.43625,16.9,64.03
Rice,0.34,303.3891429,32.74,24.21,13.76025,65.49
Rice,0.34,271.8862857,32.8655,24.35425,17.5617,68.22
Rice,0.34,215.6087143,33.2405,24.7105,14.944,66.58
Rice,1,320.8868571,32.34958,24.67617,13.3,53.424
Rice,0.34,399.9275,32.35225,25.02375,10.55,73.34
Rice,0.34,206.932,32.3385,25.00125,16.872,66
Rice,0.34,303.3891429,32.07425,24.7425,18.85,67.359
Rice,0.34,271.8862857,32.0785,24.747,10.6,69.65
Rice,0.34,215.6087143,32.417,25.0855,8.4,67.967
Rice,1,320.8868571,30.853,23.64708,7.08,55.077
Rice,0.34,399.9275,30.384,23.8675,9.56,71.306
Rice,0.34,206.932,30.36125,23.845,12.2,64.744
Rice,0.34,303.3891429,30.18575,23.6705,7.84,66.02
Rice,0.34,271.8862857,30.06675,23.55125,8.84,68.174
Rice,0.34,215.6087143,30.349,23.83275,15.4,65.723
Rice,1,320.8868571,33.33425,23.32692,11.19,49.437
Rice,0.34,399.9275,32.69975,23.6875,11.23,71.913
Rice,0.34,206.932,32.742,23.72675,21.8,64.987
Rice,0.34,303.3891429,32.46875,23.45325,17.08,66.258
Rice,0.34,271.8862857,32.615,23.60225,15.51,69.025
Rice,0.34,215.6087143,33.07325,24.0585,12.03,65.348
Rice,1,320.8868571,32.69225,24.97183,9.9,51.975
Rice,0.34,399.9275,33.0565,25.39375,6.6,72.408
Rice,0.34,206.932,32.95675,25.292,2.65,65.121
Rice,0.34,303.3891429,32.726,25.0685,16.79,66.405
Rice,0.34,271.8862857,32.8035,25.14775,9.1,68.965
Rice,0.34,215.6087143,33.131,25.47575,9.24,67.39
Rice,1,320.8868571,30.30533,22.63833,9.64,55.344
Rice,0.34,399.9275,29.097,22.48125,7.65,74.538
Rice,0.34,206.932,29.1215,22.51,10.85,66.82
Rice,0.34,303.3891429,29.0345,22.42325,11.65,68.419
Rice,0.34,271.8862857,29.00525,22.389,9.91,71.034
Rice,0.34,215.6087143,29.41275,22.79725,7.99,66.876
Rice,1,320.8868571,33.38825,23.31733,16.07,44.797
Rice,0.34,399.9275,33.829,24.43575,16,68.788
Rice,0.34,206.932,33.4225,24.03275,8.3,61.054
Rice,0.34,303.3891429,33.4845,24.09725,14.42,62.167
Rice,0.34,271.8862857,33.96225,24.58125,12.2,65.198
Rice,0.34,215.6087143,34.41375,25.0185,15.85,63.815
Rice,1,320.8868571,32.01017,23.30125,13.31,51.892
Rice,0.34,399.9275,31.4464,23.644,14.98,73.379
Rice,0.34,206.932,31.3668,23.64175,14.4,65.442
Rice,0.34,303.3891429,31.1482,23.37675,11.2,66.911
Rice,0.34,271.8862857,31.2236,23.4415,2.2,69.596
Rice,0.34,215.6087143,31.4844,23.83125,17.95,67.459
Rice,1,320.8868571,32.50175,22.15883,15.931,47.908
Rice,0.34,399.9275,32.3915,22.88975,16.9,71.436
Rice,0.34,206.932,32.21375,22.71125,14.42,64.108
Rice,0.34,303.3891429,32.093,22.5915,12.2,65.174
Rice,0.34,271.8862857,32.4345,22.93275,15.85,68.133
Rice,0.34,215.6087143,32.8775,23.379,13.31,65.783
Rice,1,320.8868571,32.30767,21.60333,14.98,47.802
Rice,0.34,399.9275,31.93775,22.4015,14.4,71.502
Rice,0.34,206.932,31.7435,22.21125,11.2,64.804
Rice,0.34,303.3891429,31.6295,22.095,12.2,65.781
Rice,0.34,271.8862857,31.99325,22.4625,13.24,68.759
Rice,0.34,215.6087143,32.47225,22.94,13.81,65.461
Rice,0.25,46.133,31.392,19.70225,5.625,34.6263
Rice,0.416,12.3398,26.6435,18.7205,4.68,22.0684
Rice,0.25,77.6605,29.3235,21.6065,4.22,35.32
Rice,0.25,62.45567,33.72433,24.793,4.45,37.6527
Rice,0.416,18.662,25.732,17.608,3.266,27.5498
Rice,0.25,49.149,29.615,21.7225,5.55,30.8425
Rice,0.25,98.584,31.996,24.417,3.38,38.2777
Rice,0.416,18.0328,26.7475,16.5955,5.46,21.9922
Rice,0.25,124.7495,29.4715,23.215,2.95,40.1265
Rice,0.25,83.6257,32.519,24.63633,3.53,34.5073
Rice,0.416,15.9342,26.96225,17.538,5.34,29.9188
Rice,0.25,50.0325,29.393,21.3005,2.804074074,32.028
Rice,0.25,55.6243,32.82967,24.38033,5.826451613,38.9693
Rice,0.25,216.1415,29.4715,20.056,5.0256,33.9235
Rice,0.25,35.9843,31.392,20.96733,5.03375,28.6077
Rice,0.416,12.75,26.6435,15.49825,6.788823529,18.765
Rice,0.25,73.175,29.3235,18.607,3.160454545,29.868
Rice,0.25,50.837,33.72433,21.33533,6.977333333,31.327
Rice,0.416,18.1872,25.732,15.45325,3.152173913,23.5336
Rice,0.25,48.465,29.615,18.781,3.734666667,25.9615
Rice,0.25,77.8583,31.996,21.159,5.902666667,31.7413
Rice,0.416,16.6746,26.7475,14.58425,5.462222222,18.6516
Rice,0.25,123.325,29.4715,20.036,3.850434783,34.0495
Rice,0.25,67.8147,32.519,21.259,6.2656,28.5987
Rice,0.416,14.9872,26.96225,15.37525,4.408965517,25.5384
Rice,0.25,47.6725,29.393,18.3725,6.091877828,26.935
Rice,0.25,46.2117,32.82967,21.018,5.916535245,32.1023
Rice,0.25,150.775,30.3965,20.966,4.207142857,37.219
Rice,0.25,54.3447,35.57767,22.54467,6.205517241,34.184
Rice,0.416,9.0208,27.5735,14.86325,3.429746835,22.9786
Rice,0.25,35.783,30.452,19.482,3.034871795,36.9085
Rice,0.25,44.49,38.13967,23.55233,3.058670886,33.274
Rice,0.416,15.0308,26.9585,14.96025,5.8232,26.8398
Rice,0.25,19.334,30.9155,19.866,5.8232,30.067
Rice,0.25,60.8013,36.80167,23.29767,3.145423796,31.352
Rice,0.416,15.849,27.77825,13.9265,7.29775,22.8076
Rice,0.25,73.705,30.757,21.0905,3.559285714,36.9685
Rice,0.25,64.0927,37.10233,23.36867,1.766829268,31.136
Rice,0.416,12.6012,28.19675,15.0215,7.199375,29.5658
Rice,0.25,49.952,30.132,19.048,2.45,28.1725
Rice,0.25,38.743,37.56533,23.34267,2.655128205,32.7003
Rice,0.25,158.145,31.008,21.981,5.4855,38.7665
Rice,0.25,56.0817,35.794,23.32467,5.66171875,36.0363
Rice,0.416,6.78,28.09125,15.763,3.514827586,23.4364
Rice,0.25,43.631,30.909,20.3185,3.945081967,36.7495
Rice,0.25,46.8737,38.21433,24.116,7.514444444,35.8077
Rice,0.416,13.4296,27.363,15.771,6.18509434,27.7394
Rice,0.25,22.418,31.369,20.655,3.936346154,30.5165
Rice,0.25,69.5397,36.634,23.759,7.077678571,35.2797
Rice,0.416,16.0502,28.21175,14.65075,5.18326087,23.1574
Rice,0.25,79.363,31.1865,21.8885,4.549298246,38.041
Rice,0.25,72.9467,37.066,23.907,5.32147541,33.4723
Rice,0.416,10.9392,28.53025,15.692,6.439833333,29.905
Rice,0.25,48.593,30.691,20.025,4.497894737,29.9865
Rice,0.25,45.1923,37.38767,23.70767,5.663157895,36.6607
Rice,0.25,162.413,31.258,21.3465,3.72,38.7145
Rice,0.25,56.5577,36.115,22.77967,5.676631944,37.544
Rice,0.416,6.7368,28.172,14.97225,3.895,24.3674
Rice,0.25,44.8005,31.0515,19.718,4.084939103,38.9885
Rice,0.25,40.3217,38.43933,23.52033,7.688235294,35.874
Rice,0.416,11.3912,27.433,14.97875,6.486696514,28.5634
Rice,0.25,19.7735,31.5185,20.1135,7.4965,30.6215
Rice,0.25,54.2877,36.81967,23.13633,5.534457268,34.5623
Rice,0.416,13.826,28.17175,13.871,6.898231811,24.0116
Rice,0.25,79.013,31.347,21.127,4.471886792,37.379
Rice,0.25,64.102,37.31167,23.33267,5.033818182,33.7583
Rice,0.416,10.263,28.515,14.86125,6.259333333,30.0772
Rice,0.25,56.554,30.7685,19.4655,5.541859649,29.913
Rice,0.25,38.9477,37.62833,23.09133,5.818206628,36.7477
Rice,0.25,139.416,32.56833,21.44867,5.818206628,46.4833
Rice,0.25,150.5335,31.1615,21.5005,2.100769231,41.853
Rice,0.416,4.0564,27.60875,14.82425,3.484571429,29.7868
Rice,0.25,110.826,34.30267,21.54067,3.551111111,47.334
Rice,0.25,69.371,31.053,20.7955,3.1025,46.451
Rice,0.416,10.1214,26.66325,14.64,1.895,31.6176
Rice,0.25,112.844,31.9,20.73067,0.7764705882,45.3713
Rice,0.25,18.163,30.8085,20.277,2.430555556,39.5635
Rice,0.416,6.3698,27.12875,13.48625,3.676315789,31.1622
Rice,0.25,135.624,32.73867,21.18133,3.676315789,45.8933
Rice,0.25,74.4505,30.8335,21.04,2.452222222,43.3535
Rice,0.416,8.039,27.27025,14.133,3.707,33.1964
Rice,0.25,62.8415,30.4045,20.059,2.570588235,35.7015
Rice,0.25,113.68,32.89233,20.65967,3.45059127,47.5383
Rice,0.25,131.023,30.52067,19.049,2.28257326,48.2833
Rice,0.25,138.8945,29.8655,19.1345,3.44173296,42.1555
Rice,0.416,6.3236,25.19125,12.32525,3.551111111,32.4456
Rice,0.25,103.746,32.83933,20.00467,3.097894737,44.4153
Rice,0.25,32.5265,29.635,18.4175,1.85,52.264
Rice,0.416,10.7686,24.38575,12.21475,3.331176471,35.0426
Rice,0.25,81.867,29.92833,18.45133,2.918333333,41.4583
Rice,0.25,3.4715,29.6645,18.2035,2.351936322,40.3175
Rice,0.416,5.786,25.3135,11.69275,3.72,33.2538
Rice,0.25,104.074,30.662,18.85267,2.845185185,43.279
Rice,0.25,63.282,29.7605,18.7445,3.418888889,41.327
Rice,0.416,4.8494,25.31875,12.09125,2.281621622,33.3922
Rice,0.25,86.803,30.93133,18.519,2.652777778,44.4707
Rice,0.25,70.4115,28.961,17.7345,2.554534535,35.337
Rice,0.25,145.2495,31.7655,22.2525,5.812857143,40.334
Rice,0.25,75.1823,34.56,21.78133,4.941666667,43.0187
Rice,0.416,5.7456,28.2135,15.50425,2.485833333,27.1834
Rice,0.25,59.036,31.555,20.9885,3.148,42.7675
Rice,0.25,54.4403,37.098,22.64,2.551439394,42.699
Rice,0.416,8.9898,27.123,15.18225,2.534444444,30.0578
Rice,0.25,19.3335,31.425,20.709,2.583636364,35.574
Rice,0.25,62.982,34.51267,21.564,5.623636364,41.3047
Rice,0.416,6.0866,27.85075,14.1635,5.75031746,27.8254
Rice,0.25,70.546,31.57,21.808,3.298,40.691
Rice,0.25,76.018,35.74133,22.43233,6.626363636,40.875
Rice,0.416,7.9476,28.09575,14.9645,5.801111111,31.5188
Rice,0.25,56.3295,31.105,20.4995,3.298,33.1775
Rice,0.25,56.2773,35.845,21.96933,6.626363636,43.3337
Rice,0.25,136.069,31.4015,20.5325,2.131428571,40.447
Rice,0.25,82.6543,33.64567,20.31533,4.115333333,44.1807
Rice,0.416,5.6702,27.3165,13.313,3.228571429,28.6998
Rice,0.25,46.715,31.149,19.414,1.932666667,46.801
Rice,0.25,52.067,35.91367,21.12033,4.565,41.026
Rice,0.416,8.1468,26.36775,13.0835,2.988125,31.6854
Rice,0.25,11.308,31.136,19.2325,2.501578947,35.9325
Rice,0.25,49.6577,33.60267,20.13433,3.591666667,38.895
Rice,0.416,5.742,27.10275,12.196,2.994285714,29.1584
Rice,0.25,63.528,31.3215,20.1395,1.98047619,39.8445
Rice,0.25,70.161,34.583,20.80767,4.194736842,39.491
Rice,0.416,6.781,27.2835,12.892,3.204285714,31.444
Rice,0.25,63.245,30.5975,18.8965,1.966428571,32.922
Rice,0.25,49.3313,34.759,20.412,3.964545455,41.46
Rice,0.25,,29.4715,23.3335,4.041258013,
Rice,0.25,191.82,30.646,23.0615,1.951125764,40.0845
Rice,0.25,53.8177,34.88117,24.38333,1.979552911,35.804
Rice,0.416,8.7068,27.91225,17.17275,3.21035119,22.9504
Rice,0.25,55.5745,30.6295,21.3775,2.035680283,35.321
Rice,0.25,55.452,35.87833,25.03467,4.551444444,36.662
Rice,0.416,17.1014,27.126,17.1775,2.955267857,27.7118
Rice,0.25,33.133,30.999,21.6245,3.046153846,31.053
Rice,0.25,89.1107,36.31667,24.759,3.535882353,36.8973
Rice,0.416,18.6924,28.0875,16.0675,3.046153846,22.7442
Rice,0.25,100.213,30.843,23.0725,2.031689342,39.844
Rice,0.25,82.87,35.70567,24.81267,4.194736842,33.912
Rice,0.416,13.1646,28.36175,17.06125,3.13072,30.4376
Rice,0.25,48.4375,30.588,21.018,3.13072,31.2715
Rice,0.25,53.721,36.07217,24.66833,3.13072,37.6623
Rice,0.25,224.607,30.34,23.4555,1.138235294,40.423
Sugarcane,1,245.992,28.95433,19.99333,2.41,50.9209
Sugarcane,1,226.9251,27.58808,19.20083,2.651538462,52.845
Sugarcane,1,225.4203,28.226,19.70167,2.41,52.58
Sugarcane,1,220.9939,28.28667,19.18883,2.268461538,52.6
Sugarcane,1,210.6663,29.54108,20.01675,1.847272727,51.354
Sugarcane,1,250.9051,28.16508,19.16258,1.235,53.68
Sugarcane,1,269.9351,28.93283,19.7755,1.59195122,53.229
Sugarcane,1,292.3685,29.00908,19.21192,1.504871795,53.16
Sugarcane,1,233.6089,28.85508,19.37708,2.725789474,50.962
Sugarcane,1,229.812,27.37042,18.49908,3.149473684,53.348
Sugarcane,1,231.8738,28.054,19.04192,2.817368421,52.82
Sugarcane,1,235.7084,28.11892,18.52983,3.137777778,52.879
Sugarcane,1,167.5203,29.83958,19.37708,2.752307692,52.82
Sugarcane,1,181.8812,28.388,18.49908,2.592631579,53.503
Sugarcane,1,167.2466,29.05183,19.04192,2.81875,51.899
Sugarcane,1,186.4442,29.09933,18.52983,2.644666667,52.066
Sugarcane,1,192.0604,30.8455,21.19267,2.64625,51.037
Sugarcane,1,171.1857,29.731,20.5895,3.015,51.227
Sugarcane,1,168.6328,30.26875,21.007,2.662105263,51.39
Sugarcane,1,163.3268,30.29533,20.50825,2.714782609,51.457
Sugarcane,1,164.8914,29.13925,19.672,2.693636364,53.109
Sugarcane,1,182.3984,27.72033,18.82808,2.633939394,53.638
Sugarcane,1,167.5877,28.40592,19.31475,2.795405405,51.913
Sugarcane,1,188.2366,28.44817,18.86325,2.830526316,51.945
Sugarcane,1,233.3286,29.43933,20.49858,2.357037037,51.055
Sugarcane,1,213.6558,28.20058,19.812,2.055185185,52.347
Sugarcane,1,209.1492,28.75408,20.24642,2.951515152,52.258
Sugarcane,1,205.2553,28.8195,19.72992,3.567407407,52.257
Sugarcane,1,159.4613,28.93092,19.55358,4.6988,52.119
Sugarcane,1,178.7719,27.54908,18.7695,3.679565217,53.716
Sugarcane,1,175.955,28.19783,19.24442,3.905,52.992
Sugarcane,1,190.262,28.288,18.7645,3.535217391,51.8
Sugarcane,1,196.0844,29.72592,20.20767,2.337333333,51.458
Sugarcane,1,239.5863,28.35258,19.32758,1.329285714,53.58441667
Sugarcane,1,255.0477,29.15142,19.98442,1.434666667,53.14858333
Sugarcane,1,277.5493,29.21383,19.40217,1.136428571,53.31875
Sugarcane,1,153.6532,29.137,19.73592,2.486153846,52.5975
Sugarcane,1,174.4966,27.7635,18.94575,3.038529412,53.79966667
Sugarcane,1,166.1368,28.3935,19.40067,2.142333333,52.8835
Sugarcane,1,183.1783,28.47567,18.95192,1.677317073,51.83333333
Sugarcane,1,282.1043,27.64183,18.8915,2.938148148,51.01925
Sugarcane,1,281.4479,26.21475,18.06975,2.499811321,53.54383333
Sugarcane,1,285.3148,26.84642,18.554,2.386885246,53.06925
Sugarcane,1,294.3852,26.91125,18.03442,2.306129032,53.22091667
Sugarcane,1,218.5673,27.19017,18.38892,5.053563218,51.92875
Sugarcane,1,247.7023,25.82992,17.63558,4.281481481,54.02091667
Sugarcane,1,257.4818,26.43867,18.08408,4.588023256,53.56566667
Sugarcane,1,285.0821,26.53325,17.582,4.217282609,52.44033333
Sugarcane,1,175.151,30.80883,20.61683,2.520882353,51.392
Sugarcane,1,216.9247,29.46158,19.75092,2.124375,53.39633333
Sugarcane,1,228.4517,30.18075,20.35667,1.723243243,52.8905
Sugarcane,1,250.6203,30.24933,19.75525,1.7824,53.3145
Sugarcane,1,219.0218,30.09142,20.85125,14.72625,51.26566667
Sugarcane,1,198.4891,28.8035,20.10667,15.33875,51.75108333
Sugarcane,1,194.9145,29.45683,20.62942,15.6975,51.78466667
Sugarcane,1,195.869,29.47117,20.09875,15.0075,51.82708333
Sugarcane,1,166.433,30.18808,20.55275,2.163448276,52.29466667
Sugarcane,1,177.5284,28.7115,19.67583,1.814464286,53.36791667
Sugarcane,1,166.4742,29.38325,20.17217,2.0065,51.99941667
Sugarcane,1,181.862,29.44475,19.70858,1.95779661,52.06208333
Sugarcane,1,249.7192,26.14742,17.55242,3.676376812,51.63266667
Sugarcane,1,274.9823,24.74017,16.77233,3.081733333,53.89083333
Sugarcane,1,279.285,25.34133,17.20533,3.178507463,53.37691667
Sugarcane,1,304.6787,25.409,16.69042,2.907439024,52.6905
Sugarcane,1,246.9119,28.99075,19.77417,2.401428571,50.79591667
Sugarcane,1,230.1999,27.56867,18.937,1.367,53.201
Sugarcane,1,231.1628,28.23408,19.45125,1.932,52.78866667
Sugarcane,1,227.1351,28.2935,18.95617,0.7733333333,52.87966667
Sugarcane,1,159.1402,28.43683,19.03267,2.416923077,53.13533333
Sugarcane,1,175.0182,27.0255,18.19575,2.095897436,53.91908333
Sugarcane,1,165.7595,27.71908,18.69992,2.1,52.43041667
Sugarcane,1,182.7284,27.78483,18.26058,2.29,51.93058333
Sugarcane,1,185.9299,30.29492,20.52767,2.683692308,51.51325
Sugarcane,1,191.4382,28.79642,19.64583,2.646557377,53.39541667
Sugarcane,1,184.9598,29.47883,20.17483,2.883015873,52.45675
Sugarcane,1,192.8173,29.53983,19.65883,2.818787879,52.39858333
Sugarcane,1,158.2517,26.71483,16.893,3.208604651,54.093
Sugarcane,1,171.7745,25.34508,16.06692,3.022444444,54.43425
Sugarcane,1,158.7048,26.02617,16.52433,3.165769231,52.60991667
Sugarcane,1,173.6548,26.09833,16.13192,3.135272727,52.49258333
Sugarcane,1,103.9658,31.4715,19.72683,2.653333333,48.115
Sugarcane,1,87.06533,30.67192,19.30283,3.107,44.554
Sugarcane,1,88.87633,31.25775,19.795,2.665,45.48325
Sugarcane,1,99.60783,31.23358,19.32642,2.37375,44.95683333
Sugarcane,1,67.0455,32.3565,19.55192,3.36875,41.98625
Sugarcane,1,51.50225,32.195,19.40525,3.39,35.43433333
Sugarcane,1,57.32075,32.26842,19.48358,3.40175,38.68991667
Sugarcane,1,66.66058,32.715,19.587,3.230810811,36.539
Sugarcane,1,90.46708,31.2505,19.64275,3.292727273,45.19216667
Sugarcane,1,71.45,30.83742,19.51225,3.746818182,41.2665
Sugarcane,1,74.01233,31.13358,19.70758,3.646071429,42.72108333
Sugarcane,1,78.8435,31.33617,19.42208,3.146666667,41.79741667
Sugarcane,1,76.15742,31.7545,20.38108,3.333235294,43.57341667
Sugarcane,1,62.48183,31.39642,20.25417,3.792857143,38.121
Sugarcane,1,64.036,31.70317,20.48117,3.887878788,40.06683333
Sugarcane,1,74.90783,31.82975,20.19958,3.968235294,38.675
Sugarcane,1,85.18392,31.58717,19.798,3.599761905,45.81608333
Sugarcane,1,70.07558,31.05692,19.54267,3.537045455,42.04333333
Sugarcane,1,72.85242,31.41933,19.84825,3.614375,43.32933333
Sugarcane,1,74.46308,31.58483,19.52008,3.580666667,42.5895
Sugarcane,1,65.9155,32.71042,20.1535,3.883333333,42.56725
Sugarcane,1,50.32767,32.533,20.03642,3.994047619,35.57191667
Sugarcane,1,56.99475,32.66233,20.14342,3.857906977,38.45108333
Sugarcane,1,66.05525,32.91942,20.09667,3.962045455,36.93133333
Sugarcane,1,62.88817,32.62192,19.89575,3.767058824,42.56658333
Sugarcane,1,48.8855,32.466,19.74892,4.218,35.35933333
Sugarcane,1,56.47267,32.58192,19.86933,3.721578947,38.50891667
Sugarcane,1,64.56792,32.85517,19.86733,4.389411765,37.05908333
Sugarcane,1,79.932,31.90942,20.58567,2.61452381,44.23575
Sugarcane,1,63.56,31.536,20.43442,2.444,38.23958333
Sugarcane,1,68.64308,31.878,20.71633,2.24,40.06991667
Sugarcane,1,80.91908,31.84858,20.33233,2.869512195,38.86583333
Sugarcane,1,71.99183,31.81217,19.43867,3.833571429,42.26241667
Sugarcane,1,55.82717,31.59417,19.27367,4.587142857,36.11891667
Sugarcane,1,59.82717,31.6955,19.36075,5.121621622,38.88158333
Sugarcane,1,69.40025,32.12267,19.41908,3.913333333,36.79041667
Sugarcane,1,68.6865,32.79383,20.31233,2.508039216,44.50191667
Sugarcane,1,54.49592,32.53783,20.12575,2.291052632,37.12508333
Sugarcane,1,62.98775,32.73758,20.33042,2.126111111,39.88791667
Sugarcane,1,69.53817,32.74608,20.07367,1.977260274,38.78341667
Sugarcane,1,84.78683,30.86675,19.52333,5.587619048,44.24083333
Sugarcane,1,66.94225,30.49975,19.36733,6.175833333,39.31583333
Sugarcane,1,68.93958,30.75617,19.52908,7.022962963,41.33883333
Sugarcane,1,75.84525,31.01033,19.33175,6.883846154,39.766
Sugarcane,1,68.49842,32.68817,20.274,2.709473684,42.14575
Sugarcane,1,53.18808,32.45233,20.1535,3.599166667,35.59408333
Sugarcane,1,57.45842,32.59242,20.24117,3.361428571,38.29475
Sugarcane,1,68.08783,32.903,20.22475,3.557368421,36.58025
Sugarcane,1,69.35217,32.11558,19.34,4.351666667,41.96358333
Sugarcane,1,53.85417,31.98658,19.16642,5.146785714,34.774
Sugarcane,1,58.74617,31.96775,19.17042,4.477916667,38.37
Sugarcane,1,64.80708,32.42575,19.368,4.765652174,36.74141667
Sugarcane,1,98.7355,31.641,19.60375,4.06,47.32116667
Sugarcane,1,81.80567,30.82075,19.13842,3.080588235,44.4075
Sugarcane,1,85.30033,31.41083,19.62792,3.1286,45.25716667
Sugarcane,1,86.0515,31.50008,19.22017,3.473090909,44.86641667
Sugarcane,1,79.49025,31.69017,20.18342,4.702857143,44.80716667
Sugarcane,1,65.73017,31.25583,20.00542,4.254285714,40.04691667
Sugarcane,1,67.14683,31.6075,20.297,4.454814815,41.6605
Sugarcane,1,76.09108,31.69658,19.94167,4.91,40.66833333
Sugarcane,1,127.2596,31.27575,19.65233,3.833809524,49.18158333
Sugarcane,1,107.5664,30.42467,19.205,2.997894737,46.39616667
Sugarcane,1,108.9615,30.99417,19.67417,2.029285714,47.04658333
Sugarcane,1,84.09258,30.96792,20.04925,2.461875,46.09008333
Sugarcane,1,69.705,31.65192,19.77,2.418,41.703
Sugarcane,1,71.279,31.07525,20.15567,2.761111111,43.08908333
Sugarcane,1,81.11575,31.53133,19.73867,2.545,42.28691667
Sugarcane,1,85.66317,31.78892,20.37817,2.587735849,45.99375
Sugarcane,1,68.25225,31.3385,20.17458,2.106792453,40.18858333
Sugarcane,1,73.57008,31.73275,20.50967,2.150243902,41.85741667
Sugarcane,1,85.59567,31.647,20.0625,3.122708333,40.80983333
Sugarcane,1,75.97075,32.25792,20.54258,2.636,43.49458333
Sugarcane,1,58.17417,31.94925,20.39617,2.441428571,36.69466667
Sugarcane,1,65.69675,32.209,20.62567,2.666133333,38.8965
Sugarcane,1,76.43,32.2305,20.31867,3.111827957,37.53891667
Sugarcane,1,71.73267,32.41142,20.46917,2.377179487,42.3825
Sugarcane,1,57.97117,32.08775,20.33008,2.555357143,36.19458333
Sugarcane,1,59.72375,32.32242,20.48067,3.117222222,38.575
Sugarcane,1,71.5095,32.57775,20.37642,2.56125,36.82833333
Sugarcane,1,76.55892,31.25725,19.56508,2.949285714,42.75466667
Sugarcane,1,60.90783,30.95725,19.4295,3.163488372,37.0085
Sugarcane,1,63.24967,31.12758,19.52992,3.4825,39.35266667
Sugarcane,1,71.274,31.47667,19.47408,3.436304348,37.42783333
Sugarcane,1,86.3135,32.66317,19.56508,3.171111111,46.60358333
Sugarcane,1,72.06217,32.26642,19.4295,2.791132075,39.75975
Sugarcane,1,83.40108,32.51467,19.52992,2.397826087,41.8755
Sugarcane,1,87.03675,32.39625,19.47408,2.106086957,41.19816667
Sugarcane,1,70.53492,32.51775,20.44633,3.652291667,42.41425
Sugarcane,1,55.56583,32.25225,20.32483,4.0975,35.94758333
Sugarcane,1,59.35325,32.4475,20.46517,4.311857143,38.43466667
Sugarcane,1,70.222,32.68267,20.34933,4.084262295,36.793
Sugarcane,1,80.0875,32.46175,20.33917,2.641,45.65233333
Sugarcane,1,61.99,32.14817,20.15317,2.9290625,38.27841667
Sugarcane,1,70.79992,32.40567,20.38875,2.43,40.62866667
Sugarcane,1,79.16583,32.33267,20.02983,2.306666667,39.53325
Sugarcane,1,95.27617,31.673,19.72058,2.92,47.31925
Sugarcane,1,79.599,30.89208,19.296,2.977857143,44.03691667
Sugarcane,1,81.90917,31.46758,19.75575,2.263157895,44.99291667
Sugarcane,1,86.1315,31.53683,19.36267,3.102857143,44.5065
Sugarcane,1,67.62483,32.27233,19.47742,3.796,42.112
Sugarcane,1,52.07242,32.13475,19.328,4.5925,35.17275
Sugarcane,1,57.85008,32.15208,19.36067,4.224782609,38.53341667
Sugarcane,1,65.21342,32.58883,19.50867,4.53893617,36.759
Sugarcane,1,80.29133,31.74117,20.25025,2.318,45.17425
Sugarcane,1,66.43942,31.24458,20.03283,2.2925,40.3725
Sugarcane,1,67.77883,31.65433,20.37783,2.267037037,41.94033333
Sugarcane,1,79.03958,31.69867,19.9755,2.399428571,41.00066667
Sugarcane,1,75.42633,32.15917,20.8625,3.639677419,42.54133333
Sugarcane,1,60.94433,31.83167,20.73467,3.741724138,36.56458333
Sugarcane,1,63.8095,32.13067,20.973,3.112727273,38.59516667
Sugarcane,1,77.19692,32.20808,20.66792,3.509428571,37.14733333
Sugarcane,1,68.552,32.70142,20.4735,4.468510638,43.10108333
Sugarcane,1,52.04183,32.48833,20.34283,4.158245614,35.97366667
Sugarcane,1,59.12125,32.68158,20.51892,3.832941176,38.66033333
Sugarcane,1,68.23908,32.80042,20.31992,4.026896552,37.22391667
Sugarcane,1,73.75025,32.10958,20.46583,2.53,42.71141667
Sugarcane,1,60.44017,31.76083,20.357,4.98,36.78133333
Sugarcane,1,61.46425,32.02458,20.521,4.54,38.95958333
Sugarcane,1,73.06383,32.26183,20.3575,4.946666667,37.26133333
Sugarcane,1,80.11017,32.28942,20.43617,2.64,44.79625
Sugarcane,1,61.02133,31.96967,20.27708,2.396666667,37.66116667
Sugarcane,1,69.02517,32.23525,20.51742,3.08,39.81191667
Sugarcane,1,79.66642,32.19758,20.16742,2.526666667,38.61891667
Sugarcane,1,86.36525,32.04008,20.37867,2.95047619,45.94875
Sugarcane,1,67.117,31.68242,20.21233,2.540909091,39.07766667
Sugarcane,1,74.42617,32.01608,20.48208,2.293461538,40.96766667
Sugarcane,1,85.335,31.888,20.05342,2.971875,39.84916667
Sugarcane,1,66.08275,32.87058,20.36967,3.113947368,43.98266667
Sugarcane,1,51.57308,32.6435,20.21483,2.863148148,36.48733333
Sugarcane,1,59.77158,32.81167,20.39267,4.412641509,39.37991667
Sugarcane,1,66.85067,32.87167,20.18408,2.506326531,38.192
Sugarcane,1,90.70825,31.6215,19.19902,2.248205128,47.14175
Sugarcane,1,72.56375,32.47708,20.73717,3.83,42.07383333
Sugarcane,1,56.72058,32.23867,20.61342,3.331282051,35.50866667
Sugarcane,1,61.89525,32.4385,20.81033,3.742777778,37.83408333
Sugarcane,1,73.06925,32.5785,20.58058,4.352903226,36.27633333
Sugarcane,1,101.4949,32.57717,20.9565,5.007580645,37.34558333
Sugarcane,1,110.3637,32.56233,21.04575,5.070677966,41.16683333
Sugarcane,1,84.14867,32.91033,21.17842,5.765217391,38.43958333
Sugarcane,1,50.67767,31.68183,18.367,5.769897959,33.0355
Sugarcane,1,46.98575,31.71842,18.49467,5.321666667,31.75033333
Sugarcane,1,51.67792,31.88042,18.433,6.6551,34.04558333
Sugarcane,1,88.19808,31.80533,19.87933,3.928363636,37.75558333
Sugarcane,1,87.83333,31.81625,20.16325,4.570555556,38.27491667
Sugarcane,1,80.87308,32.27633,20.46875,4.635434783,36.86116667
Sugarcane,1,99.99175,31.71842,20.64275,5.001325301,40.64258333
Sugarcane,1,86.30575,31.88042,20.90842,4.904588235,37.88508333
Sugarcane,1,83.34925,32.595,21.02692,4.012363636,36.86908333
Sugarcane,1,95.38092,32.6005,21.06858,4.400231214,41.05891667
Sugarcane,1,86.81867,33.14383,21.27017,4.453796791,37.887
Sugarcane,1,83.233,31.54717,19.7685,4.7675,36.79816667
Sugarcane,1,92.87267,31.53767,19.79217,4.452658228,41.07966667
Sugarcane,1,89.62175,32.08125,19.94042,4.751590909,37.81083333
Sugarcane,1,90.02525,32.36067,20.61142,4.844358974,40.37025
Sugarcane,1,86.785,32.447,20.76058,5.525511811,37.89383333
Sugarcane,1,66.56108,30.66217,21.03942,5.242413793,36.06741667
Sugarcane,1,74.54533,31.21908,20.3452,4.843787879,40.37025
Sugarcane,1,86.982,32.25283,20.67875,5.7712,37.72383333
Sugarcane,1,98.98758,32.22392,20.68292,5.239452055,41.49075
Sugarcane,1,86.03833,32.72125,20.86558,6.387567568,37.8635
Sugarcane,1,86.20925,32.42875,20.87242,5.821923077,36.95558333
Sugarcane,1,96.94025,32.39325,20.85708,5.347333333,41.3625
Sugarcane,1,87.99167,32.94775,21.04667,5.758674699,37.88275
Sugarcane,1,86.634,32.31558,20.56792,4.683660131,37.44416667
Sugarcane,1,101.4233,32.3305,20.64008,4.858852459,41.23025
Sugarcane,1,87.63208,32.83008,20.83883,4.885675676,38.00941667
Sugarcane,1,84.97958,33.15642,20.77708,4.834157303,36.78175
Sugarcane,1,106.2091,33.31033,21.02275,4.912409639,40.51533333
Sugarcane,1,90.18042,33.76033,21.29067,5.40423913,38.05
Sugarcane,1,72.171,30.93892,19.07908,5.266,35.84266667
Sugarcane,1,80.486,30.9845,19.1715,4.810847458,40.33791667
Sugarcane,1,82.6155,31.53692,19.40083,5.242493947,37.75958333
Sugarcane,1,40.56317,33.58892,20.38325,12.54080537,30.27208333
Sugarcane,1,41.16825,33.839,20.63117,13.28494845,27.8775
Sugarcane,1,46.20892,33.60867,20.40283,14.27304762,31.25841667
Sugarcane,1,28.06975,34.08958,20.88442,16.44171717,32.61216667
Sugarcane,1,47.04742,26.057,17.3355,13.67084906,26.99566667
Sugarcane,1,47.33033,26.05417,17.32908,16.29706806,25.63558333
Sugarcane,1,36.97925,26.39392,17.66717,16.74006579,28.31733333
Sugarcane,1,30.5855,34.43717,19.87575,19.40841629,25.79516667
Sugarcane,1,33.95675,34.74767,20.18942,21.56,23.74408333
Sugarcane,1,75.60408,32.48783,20.43608,6.886511628,31.95558333
Sugarcane,1,72.81833,32.7975,20.74775,7.100265487,28.828
Sugarcane,1,77.72867,32.544,20.48917,7.028888889,32.02416667
Sugarcane,1,54.972,32.99867,20.94908,6.438224299,32.85525
Sugarcane,1,57.39525,32.03575,20.819,13.59385093,32.49308333
Sugarcane,1,57.10108,32.14325,20.92517,13.59629921,30.57966667
Sugarcane,1,69.60533,32.09275,20.87875,13.11225,33.35466667
Sugarcane,1,45.93217,32.51758,21.29367,11.77688525,34.35933333
Sugarcane,1,19.34042,27.64083,17.10733,13.825,22.51491667
Sugarcane,1,35.68817,27.65417,17.12117,12.61232283,23.00391667
Sugarcane,1,11.81292,27.79175,17.26075,12.77510121,23.84525
Sugarcane,1,50.30442,34.44417,17.10733,9.368539326,30.64183333
Sugarcane,1,52.218,34.13033,17.23108,8.327297297,27.644
Sugarcane,1,52.44458,34.62,17.12117,10.18448276,31.33891667
Sugarcane,1,48.28558,32.2455,20.93292,11.22834783,30.68325
Sugarcane,1,55.46933,32.2925,20.98125,12.17427835,29.02066667
Sugarcane,1,70.37267,32.2235,20.90742,10.58403409,31.31925
Sugarcane,1,30.15767,32.50142,21.19267,11.94769231,32.398
Sugarcane,1,52.36483,34.16492,20.37233,11.88575,28.90633333
Sugarcane,1,54.8955,34.4655,20.68,14.3507947,26.38141667
Sugarcane,1,58.59467,34.09825,20.30833,14.92288136,29.97675
Sugarcane,1,33.64392,34.67517,20.88683,17.09685714,31.45325
Sugarcane,1,83.40483,25.6695,16.20108,5.610472441,26.78525
Sugarcane,1,77.9095,25.86908,16.40025,5.718709677,24.11241667
Sugarcane,1,81.12558,25.70825,16.23283,5.508849558,26.40241667
Sugarcane,1,63.18392,26.02508,16.55383,5.227350427,26.7525
Sugarcane,1,42.59925,33.2885,20.10033,10.6063354,29.81091667
Sugarcane,1,44.76125,33.47325,20.28092,9.746031746,27.752
Sugarcane,1,54.20858,33.2765,20.088,8.574921875,30.69741667
Sugarcane,1,27.25958,33.66983,20.48825,9.5989,32.034
Sugarcane,1,69.16708,33.93208,20.85208,9.547864583,32.40758333
Sugarcane,1,63.66008,34.20717,21.13675,11.45230769,29.15241667
Sugarcane,1,66.409,33.9075,20.83667,13.03895522,32.63533333
Sugarcane,1,50.95217,34.35475,21.28075,14.13876812,33.37775
Sugarcane,1,33.01117,32.38508,19.18316667,5.4475,30.18316667
Sugarcane,1,49.47808,31.76225,18.5315,6.630447761,32.68716667
Sugarcane,1,39.09317,31.84858,18.646,8.214931507,31.78608333
Sugarcane,1,39.72933,32.03925,18.71691667,8.904225352,33.87025
Sugarcane,1,22.43025,32.41467,19.01008333,12.61077519,26.68158333
Sugarcane,1,36.17125,32.18583,18.74191667,12.94333333,28.86291667
Sugarcane,1,34.7685,32.11033,18.68433333,12.71403361,29.10033333
Sugarcane,1,17.47058,32.53508,19.05525,13.11357724,30.189
Sugarcane,1,36.9725,32.27533,19.2635,10.22166667,30.62258333
Sugarcane,1,49.76667,32.00633,18.94691667,11.59454545,33.06316667
Sugarcane,1,51.481,31.99967,18.95341667,13.5564,33.05458333
Sugarcane,1,29.38242,32.50475,19.39333333,15.535,34.60291667
Sugarcane,1,19.69883,32.81033,19.16216667,10.22166667,24.64633333
Sugarcane,1,30.11525,32.55792,18.87775,11.59454545,27.17566667
Sugarcane,1,29.26283,32.52817,18.86608333,13.5564,26.91591667
Sugarcane,1,17.561,32.88175,19.15,15.535,27.85191667
Sugarcane,1,35.38967,32.07175,19.16216667,13.50411765,30.06691667
Sugarcane,1,47.97008,31.837,18.87775,14.93421053,32.4225
Sugarcane,1,49.86983,31.78767,18.86608333,18.00384615,32.54141667
Sugarcane,1,26.64292,32.306,19.15,19.48782609,34.01358333
Sugarcane,1,20.84592,32.66025,19.12441667,6.525873016,25.6485
Sugarcane,1,33.01525,32.41625,18.85583333,7.365530303,28.05883333
Sugarcane,1,31.76417,32.37892,18.83158333,7.592900763,27.97641667
Sugarcane,1,17.76133,32.74758,19.1405,8.055166667,28.99525
Sugarcane,1,25.05217,32.08708,19.01091667,5.22755814,28.85675
Sugarcane,1,44.01425,31.82533,18.72291667,5.721111111,31.32658333
Sugarcane,1,41.62825,31.7925,18.70791667,6.514404762,31.23591667
Sugarcane,1,23.22517,32.21292,19.06125,6.063243243,32.62233333
Sugarcane,1,23.15683,32.33933,19.04008333,6.096041667,26.9115
Sugarcane,1,38.79108,32.025,18.698,6.878510638,29.66825
Sugarcane,1,36.77375,32.038,18.73375,7.652173913,29.18741667
Sugarcane,1,22.7115,32.39833,19.01366667,9.425617978,30.40633333
Sugarcane,1,24.88708,32.41283,19.13716667,6.56536491,27.2675
Sugarcane,1,40.62792,32.0205,18.71866667,7.877368421,30.08366667
Sugarcane,1,37.17658,32.06742,18.79175,8.887974102,29.37775
Sugarcane,1,26.34675,32.37217,18.99633333,9.182196078,30.7455
Sugarcane,1,28.97933,32.24792,19.17758333,5.779172578,29.44825
Sugarcane,1,47.61183,31.77642,18.67533333,6.801769015,32.10266667
Sugarcane,1,40.58617,31.84525,18.75941667,8.834510272,31.41091667
Sugarcane,1,32.16167,32.10342,18.92675,10.41794118,33.17108333
Sugarcane,1,30.02692,32.35342,19.17633333,12.88755495,29.37766667
Sugarcane,1,46.86992,31.80967,18.60166667,13.09371154,31.98591667
Sugarcane,1,38.55183,31.886,18.70325,17.08079545,31.15691667
Sugarcane,1,34.84917,32.10917,18.82041667,17.71356061,33.03075
Sugarcane,1,27.2075,31.8985,18.655,18.88616667,27.83766667
Sugarcane,1,42.44833,31.7045,18.41008333,20.93696338,29.883
Sugarcane,1,43.32558,31.58242,18.29416667,22.86775,30.37216667
Sugarcane,1,37.49142,32.62533,19.28891667,14.19444444,30.41366667
Sugarcane,1,50.72475,32,18.64858333,16.57,32.92516667
Sugarcane,1,41.39892,32.08883,18.75741667,16.615,31.8725
Sugarcane,1,45.62942,32.23833,18.75725,18.59399306,34.04675
Sugarcane,1,27.13742,32.161,19.10766667,7.102727273,29.04791667
Sugarcane,1,46.44642,31.7835,18.70933333,8.375555556,31.82483333
Sugarcane,1,42.20417,31.82858,18.76925,7.254166667,31.24533333
Sugarcane,1,28.52767,32.14567,19.00716667,8.664375,32.79791667
Sugarcane,1,27.09258,31.86592,19.03075,13.27066667,28.67725
Sugarcane,1,44.39383,31.64383,18.73292,16.52933333,30.92458333
Sugarcane,1,44.31225,31.558,18.71858,16.88142857,31.18508333
Sugarcane,1,21.48017,32.06417,19.06175,15.75916667,32.50666667
Sugarcane,1,23.91525,32.19825,19.03075,2.755789474,28.04808333
Sugarcane,1,41.32083,31.929,18.73292,4.230588235,30.52233333
Sugarcane,1,38.87608,31.9005,18.71858,4.318421053,30.417
Sugarcane,1,21.838,32.308,19.06175,4.850588235,31.70975
Sugarcane,1,17.40417,33.193,19.19258,6.657956989,23.45225
Sugarcane,1,24.466,33.00675,18.97942,4.597037037,25.49216667
Sugarcane,1,24.1665,32.90425,18.90142,4.831818182,25.55283333
Sugarcane,1,13.85825,33.26633,19.19283,4.831818182,26.31166667
Sugarcane,1,26.64667,32.07167,19.04958,4.63037037,29.19916667
Sugarcane,1,46.80417,31.74508,18.7015,5.0925,31.9355
Sugarcane,1,43.59342,31.76575,18.73575,4.887391304,31.49391667
Sugarcane,1,27.18625,32.12425,19.01808,4.9715,32.98008333
Sugarcane,1,35.20658,32.38308,19.20808,8.1175,31.27
Sugarcane,1,53.38083,31.67725,18.49108,7.266,33.61783333
Sugarcane,1,39.88325,31.777,18.60942,8.8515,32.76366667
Sugarcane,1,43.47583,31.96042,18.667,9.635555556,35.03741667
Sugarcane,1,50.53475,31.03133,18.08266667,7.7,30.93775
Sugarcane,1,52.19242,30.5245,17.54158333,5.82,33.77866667
Sugarcane,1,52.93625,30.57217,17.6855,5.11,32.28158333
Sugarcane,1,57.82967,30.70308,17.57058333,6.6,34.81258333
Sugarcane,1,55.14567,30.02192,17.27266667,4.367391304,31.11858333
Sugarcane,1,51.72258,29.59258,16.80175,4.39,34.22716667
Sugarcane,1,57.13575,29.61767,16.96808333,3.1455,32.56108333
Sugarcane,1,61.03442,29.71342,16.77158333,4.29,34.91658333
Sugarcane,1,56.46908,29.15883,16.7015,6.789,35.64091667
Sugarcane,1,55.51808,29.22892,16.8575,7.163,34.22183333
Sugarcane,1,63.19217,29.32425,16.71358333,6.186666667,36.97816667
Sugarcane,1,43.96958,32.09233,18.92216667,10.53555556,32.57608333
Sugarcane,1,58.01267,31.40367,18.19366667,13.8875,34.88641667
Sugarcane,1,46.14725,31.50108,18.33825,12.16583333,33.89666667
Sugarcane,1,53.48258,31.62892,18.31625,12.76071429,36.3975
Sugarcane,1,42.2505,32.34758,19.07041667,9.800909091,30.7585
Sugarcane,1,51.99325,31.75708,18.44516667,10.30818182,33.30891667
Sugarcane,1,45.39017,31.8165,18.56825,11.232,32.15283333
Sugarcane,1,50.46475,31.96967,18.53,10.40583333,34.44183333
Sugarcane,1,43.618,31.86667,18.61508333,4.35,29.12991667
Sugarcane,1,47.54042,31.37517,18.094,6.617222222,32.11383333
Sugarcane,1,47.62708,31.40983,18.21816667,6.617222222,30.62933333
Sugarcane,1,49.72167,31.57475,18.16425,7.67,32.69241667
Sugarcane,1,50.71967,31.29717,17.94766667,6.857536232,27.45125
Sugarcane,1,46.54817,31.03508,17.67933333,6.956944444,29.94275
Sugarcane,1,58.26042,31.01175,17.8245,7.129117647,28.83
Sugarcane,1,50.47517,31.10417,17.56725,7.671071429,30.38975
Sugarcane,1,56.37883,30.51275,17.42,3.547857143,28.97733333
Sugarcane,1,48.66225,30.22725,17.09858333,4.05,32.46383333